Timestamp,X,Y,Z
0.019
0.04,-1.1340418,0.20237915,9.584868
0.062,0.41314086,1.0262659,9.277108
0.082,0.19040406,0.9663904,9.509425
0.112,0.31135255,0.88974977,8.880733
0.133,-0.10538086,0.52091676,8.6699705
0.154,-0.2323169,0.9472302,8.820857
0.174,-0.2323169,0.9472302,8.820857
0.194,-0.38919067,1.3735437,9.3381815
0.215,-0.4035608,1.4885046,9.332193
0.235,-0.3939807,1.2825329,9.321416
0.256,-0.48499146,1.1735595,9.447155
0.277,-0.36284545,1.350791,9.296268
0.298,-0.3556604,1.5567627,9.087902
0.319,-0.22992188,1.7004639,9.129814
0.339,-0.36045045,1.6789087,9.164542
0.361,-0.36045045,1.6789087,9.164542
0.382,-0.36045045,1.6789087,9.164542
0.403,-0.36045045,1.6789087,9.164542
0.423,-0.17723145,1.6058606,8.93941
0.444,-0.2706372,1.5675403,9.020841
0.464,-0.2706372,1.5675403,9.020841
0.485,-0.21674927,1.5399976,9.156159
0.505,-0.29817992,1.5555652,9.0639515
0.526,-0.29937744,1.5938855,9.0567665
0.546,-0.29937744,1.5938855,9.0567665
0.567,-0.41074586,1.6429834,9.093889
0.587,-0.5221143,1.6429834,9.177715
0.608,-0.5125342,1.7651294,9.280701
0.628,-0.5125342,1.7651294,9.280701
0.649,-0.57001466,1.6429834,9.350156
0.669,-0.6251001,1.5232325,9.309441
0.691,-0.5604346,1.6046631,9.150172
0.713,-0.5161267,1.7639319,8.940608
0.734,-0.5017566,1.893263,9.073531
0.755,-0.5017566,1.893263,9.073531
0.776,-0.5017566,1.893263,9.073531
0.797,-0.5221143,1.5675403,9.077124
0.818,-0.37362304,1.5184424,8.97294
0.839,-0.42511597,1.4813195,9.030421
0.861,-0.28859985,1.5902929,9.311836
0.882,-0.42751098,1.5076648,9.319021
0.903,-0.36284545,1.5028747,9.241183
0.924,-0.40116578,1.5711328,8.840017
0.944,-0.39757323,1.5771203,8.804091
0.965,-0.53648436,1.4992822,8.932225
0.986,-0.53648436,1.4992822,8.932225
1.007,-0.5867798,1.5507752,9.411229
1.028,-0.68497556,1.5843054,9.528585
1.049,-0.68497556,1.5843054,9.528585
1.07,-0.8957373,1.7327967,9.053174
1.091,-0.737666,1.84656,8.971744
1.112,-0.737666,1.84656,8.971744
1.133,-0.62031007,1.8800904,9.1765175
1.155,-0.6059399,1.8285974,9.186097
1.175,-0.6059399,1.8285974,9.186097
1.196,-0.34488282,1.7962646,9.080716
1.217,-0.4514612,1.8106347,9.239985
1.238,-0.4514612,1.8106347,9.239985
1.259,-0.3065625,2.003434,8.977731
1.281,-0.28740233,2.1734803,8.964558
1.302,-0.2562671,2.274071,9.109457
1.324,-0.36164796,2.577041,9.186097
1.345,-0.23950195,2.6931994,9.148974
1.365,-0.36404297,2.830913,8.98731
1.386,-0.37721556,3.1961536,8.721463
1.406,-0.34847534,3.573369,8.757389
1.427,-0.34847534,3.725453,8.792117
1.447,-0.34847534,3.725453,8.792117
1.468,-0.33769774,4.491859,8.563393
1.488,-0.30296996,4.9157777,8.522677
1.508,-0.30296996,4.9157777,8.522677
1.529,-0.44667113,5.259463,8.707093
1.549,-0.34847534,5.4235215,8.635242
1.57,-0.34847534,5.4235215,8.635242
1.59,-0.23590942,5.669011,8.762179
1.611,-0.17723145,5.7707996,8.806487
1.631,-0.015567627,5.830675,8.673563
1.652,-0.1101709,5.518125,8.461604
1.672,-0.05628296,5.503755,8.473579
1.692,-0.065863036,5.3684363,8.485554
1.713,-0.065863036,5.3684363,8.485554
1.733,0.1484912,5.0008006,8.353828
1.754,0.17363891,5.0019984,8.440049
1.774,0.17363891,5.0019984,8.440049
1.795,0.11735596,4.9373326,8.933423
1.815,0.026345216,4.780459,8.792117
1.835,0.026345216,4.780459,8.792117
1.856,-0.17244141,4.590055,8.611293
1.876,-0.23471192,4.6726832,8.654403
1.897,-0.41194335,4.6571155,8.769364
1.917,-0.3939807,4.678671,8.587342
1.938,-0.4179309,4.758904,8.614885
1.958,-0.32572266,4.7110033,8.685538
1.979,-0.32572266,4.7110033,8.685538
1.999,-0.19998413,4.643943,8.623268
2.019,-0.24429199,4.60682,8.853189
2.04,-0.24429199,4.60682,8.853189
2.06,-0.15328126,4.31822,8.784931
2.081,-0.18202148,4.0667434,8.6771555
2.101,-0.18202148,4.0667434,8.6771555
2.122,0.04550537,4.149371,8.546627
2.142,0.04550537,4.149371,8.546627
2.163,-0.05628296,4.1290135,9.044791
2.183,-0.16166382,3.9577699,8.980125
2.203,0.009580079,3.9529798,8.90109
2.224,0.019160157,3.97693,8.89151
2.244,0.019160157,3.97693,8.89151
2.265,0.03592529,3.869154,8.92504
2.285,-0.043110352,3.7110827,9.103469
2.306,-0.043110352,3.7110827,9.103469
2.326,0.07903565,3.5446289,9.045989
2.347,0.22992188,3.4033227,8.737031
2.367,0.22992188,3.4033227,8.737031
2.387,0.3915857,3.1913636,8.866363
2.408,0.59755737,3.0907726,8.986114
2.428,0.59755737,3.0907726,8.986114
2.449,0.55324954,2.7890003,9.205257
2.469,0.5879773,2.7279272,9.238788
2.49,0.5340893,2.7854078,9.153765
2.51,0.46343628,2.4213648,9.109457
2.53,0.40236327,2.0800745,8.963361
2.551,0.4514612,1.8980529,8.931027
2.571,0.4514612,1.8980529,8.931027
2.592,0.3436853,0.9939331,8.952583
2.612,0.22273682,0.8693921,9.293873
2.633,0.22273682,0.8693921,9.293873
2.653,0.10777588,1.9267932,9.971663
2.674,0.08981323,2.2764661,9.582473
2.694,0.08981323,2.2764661,9.582473
2.714,0.19878662,2.3998096,8.683144
2.735,0.09460327,2.4608827,8.766969
2.755,0.23590942,2.5435107,8.873548
2.776,0.15567628,1.9603235,9.084309
2.796,0.08861572,1.5495776,9.091495
2.817,0.06346802,1.5124549,9.188493
2.837,0.06346802,1.5124549,9.188493
2.858,0.10657837,1.1436218,9.486672
2.878,0.2969824,1.1316468,9.280701
2.899,0.2969824,1.1316468,9.280701
2.919,0.2574646,1.2765454,9.2184305
2.939,0.46223876,1.5651453,9.329799
2.96,0.46223876,1.5651453,9.329799
2.98,0.38080812,1.3735437,9.3944645
3.001,0.3915857,1.3723462,9.501042
3.021,0.53528684,1.0921289,9.496252
3.042,0.52091676,0.91130495,9.309441
3.062,0.5760022,0.9460327,9.231603
3.082,0.6753955,1.035846,9.035212
3.103,0.6753955,1.035846,9.035212
3.123,0.7232959,0.81670165,8.844807
3.144,0.75682616,0.8322693,8.82924
3.164,0.75682616,0.8322693,8.82924
3.185,0.61791503,1.1939173,9.299861
3.205,0.3412903,0.99992067,9.5070305
3.225,0.3412903,0.99992067,9.5070305
3.246,-0.022752685,0.737666,9.291478
3.266,0.13292359,0.8921448,9.172925
3.287,0.28859985,1.0178833,9.236393
3.307,0.27782226,1.3244458,9.632769
3.328,0.30416748,1.3172607,9.754914
3.348,0.42152345,1.0190808,9.780063
3.369,0.42152345,1.0190808,9.780063
3.389,0.6442602,0.6490503,9.323811
3.409,0.8370593,0.6538403,9.313033
3.43,0.8370593,0.6538403,9.313033
3.45
3.471,0.9472302,0.31494507,9.575288
3.491,0.9472302,0.31494507,9.575288
3.512,0.9891431,0.3568579,9.344169
3.532,1.1412268,0.4682263,9.364527
3.554,1.0801538,0.7735913,9.299861
3.574,1.0801538,0.7735913,9.299861
3.595,1.0801538,0.7735913,9.299861
3.616,1.0801538,0.7735913,9.299861
3.637,1.0190808,0.7424561,9.131012
3.658,0.8741821,0.93765014,9.292676
3.678,0.7807764,1.0130932,9.198072
3.699,0.7807764,1.0130932,9.198072
3.721,0.59156984,0.80233157,8.86277
3.742,0.37362304,0.73048097,9.091495
3.762,0.32692015,0.86579955,9.393267
3.783,0.32692015,0.86579955,9.393267
3.804,-0.04790039,1.1999048,9.400452
3.825,-0.08861572,1.350791,9.405242
3.846,-0.09939331,1.4465919,9.206455
3.866,-0.09939331,1.4465919,9.206455
3.887,-0.09939331,1.4465919,9.206455
3.908,0.015567627,1.4597644,9.686657
3.929,0.086220704,1.355581,9.637559
3.95,0.086220704,1.355581,9.637559
3.971,0.22632934,0.8945398,9.442365
3.992,0.26824218,0.91010743,9.509425
4.012,0.30776,0.90531737,9.520203
4.033,0.54726195,0.9663904,9.718989
4.054,0.59635985,0.99872315,9.637559
4.075,0.4897815,0.91250247,9.46392
4.096,0.4897815,0.91250247,9.46392
4.117,0.66701293,0.9244775,9.148974
4.138,0.5125342,0.7364685,9.154963
4.159,0.5125342,0.7364685,9.154963
4.18,0.5879773,0.71730834,9.438772
4.201,0.1484912,0.33769774,9.465117
4.221,0.1484912,0.33769774,9.465117
4.242,0.104183346,1.2717553,9.195678
4.27,0.0,1.4621594,9.341774
4.291,0.0,1.4621594,9.341774
4.312,0.0,1.4621594,9.341774
4.341,0.0,1.4621594,9.341774
4.362,0.013172608,1.0981164,8.680748
4.383,0.0059875487,1.2657678,8.804091
4.411,0.368833,1.3986914,8.819659
4.432,0.61552,1.7471668,9.325008
4.453,0.61911255,1.7280066,9.269923
4.474,0.49576905,1.7747095,9.317823
4.495,0.49576905,1.7747095,9.317823
4.516,0.49576905,1.7747095,9.317823
4.537,0.61073,2.0417542,8.374186
4.557,0.6119275,2.4728577,8.611293
4.578,0.80113405,2.7866051,8.889115
4.599,1.0801538,3.4452355,9.726174
4.62,1.045426,3.4835558,9.898616
4.641,1.0777588,3.4943335,9.826765
4.662,1.3783337,3.133883,9.371712
4.683,1.1484119,2.7243347,9.351354
4.703,1.0502161,2.3782544,9.469907
4.724,1.0502161,2.3782544,9.469907
4.745,1.2561878,2.2956262,8.989706
4.766,1.4681469,2.3950195,8.817265
4.787,1.4681469,2.3950195,8.817265
4.808,1.6022681,2.8907886,9.2328005
4.834,1.7459693,3.0943651,9.1849
4.855,1.7459693,3.0943651,9.1849
4.875,1.8106347,2.6884093,8.868757
4.896,1.8238074,2.499203,8.714278
4.916,1.8238074,2.499203,8.714278
4.937,1.7088464,2.1746778,9.283095
4.957,1.8309925,2.2453308,9.15137
4.978,1.8309925,2.2453308,9.15137
4.998,1.9220031,2.4465125,8.871152
5.019,1.8944604,2.43813,8.769364
5.04,1.7567468,2.525548,8.668774
5.062,1.773512,2.572251,8.889115
5.083,1.8034497,2.5554857,9.080716
5.104,1.7878821,2.2800586,9.016051
5.125,1.8285974,2.2321582,8.709489
5.146,1.6441809,2.2608984,8.754993
5.167,1.834585,2.4069946,8.826844
5.187,1.834585,2.4069946,8.826844
5.208,2.0872595,2.4285498,9.460327
5.229,1.848955,2.2465284,9.496252
5.25,1.848955,2.2465284,9.496252
5.271,1.8190173,2.3674767,8.519085
5.291,1.9555335,2.696792,8.455616
5.312,1.9555335,2.696792,8.455616
5.332,1.7220191,2.8033705,9.029223
5.353
5.373,1.5100598,2.4285498,9.1621475
5.393,1.3783337,2.5938063,8.933423
5.414,1.2406201,2.682422,8.999286
5.434,1.0538086,2.7937903,9.222023
5.455,1.0538086,2.7937903,9.222023
5.475,1.1388317,3.0943651,9.2747135
5.496,1.0753638,2.9039612,9.142987
5.516,1.0753638,2.9039612,9.142987
5.537,1.0083032,2.535128,9.059161
5.557,1.0645862,2.3387365,9.125025
5.577,1.0645862,2.3387365,9.125025
5.598,1.3076806,2.9482691,8.668774
5.618,1.2957056,2.8656409,8.490344
5.639,1.2957056,2.8656409,8.490344
5.659,1.1663746,2.8333082,9.27591
5.68,1.1831397,2.8560607,9.24717
5.701,1.1771522,2.9865894,8.975336
5.721,1.0609937,2.906356,8.968151
5.742,1.2346326,2.8919861,8.842412
5.762,1.0190808,2.6524842,8.871152
5.782,1.0190808,2.6524842,8.871152
5.803,0.96160036,2.3076012,9.164542
5.823,0.9556128,2.2944288,9.220825
5.844,0.9556128,2.2944288,9.220825
5.864,1.0981164,2.703977,8.874744
5.885,0.81550413,2.503993,8.708291
5.905,0.81550413,2.503993,8.708291
5.926,0.7484436,2.8416908,9.104667
5.946,0.91849,2.9446764,9.0148535
5.967,1.2837305,3.514691,8.691525
5.987,0.73048097,2.945874,8.992101
6.007,0.79993653,2.8129504,8.411308
6.028,0.8705896,2.7590625,8.230485
6.048,0.8705896,2.7590625,8.230485
6.069,0.7472461,3.2057335,9.071136
6.089,0.37242553,3.2260914,9.672286
6.11,0.37242553,3.2260914,9.672286
6.13,0.21794678,3.5793567,9.649533
6.151,0.4287085,3.732638,8.811276
6.171,0.4287085,3.732638,8.811276
6.192,0.28979737,3.178191,8.424481
6.212,0.28979737,3.178191,8.424481
6.233,0.2694397,3.5745666,9.19927
6.253,0.27422974,3.561394,8.387359
6.274,0.0742456,3.333867,8.242459
6.294,0.124541014,3.1243029,7.9155397
6.314,0.124541014,3.1243029,7.9155397
6.335,0.27782226,3.6033068,8.82924
6.355,0.41074586,3.737428,8.943003
6.376,0.41074586,3.737428,8.943003
6.396,0.52091676,3.1063404,8.968151
6.417,0.22513184,2.9147387,9.101074
6.437,0.22513184,2.9147387,9.101074
6.458,0.58079225,3.018922,8.461604
6.478,0.69575316,3.239264,8.704699
6.498,0.69575316,3.239264,8.704699
6.519,0.8358618,3.1398706,8.802895
6.539,0.81550413,3.2057335,8.599318
6.56,0.8418494,3.317102,8.629255
6.58,0.8418494,3.317102,8.629255
6.601,0.48379394,2.9482691,8.717871
6.621,0.5412744,3.1614258,8.406519
6.642,0.5412744,3.1614258,8.406519
6.662,0.5281018,3.214116,9.171727
6.684,0.5281018,3.214116,9.171727
6.705,0.41433838,3.2380664,8.732242
6.725,0.41433838,3.2380664,8.732242
6.746,0.41433838,3.2380664,8.732242
6.766,0.5724097,3.4643958,8.596923
6.786,0.671803,3.5063086,8.750204
6.807,0.671803,3.5063086,8.750204
6.827,0.5903723,3.2560291,8.704699
6.848,0.6334827,3.126698,8.58854
6.869,0.59276736,3.0033545,8.630453
6.89,0.59276736,3.0033545,8.630453
6.911,0.59276736,3.0033545,8.630453
6.932,0.59276736,3.0033545,8.630453
6.953,0.5616321,3.3087194,9.14658
6.974,0.6813831,3.4117053,8.9442005
6.995,0.5999524,3.2931519,8.7334385
7.015,0.5999524,3.2931519,8.7334385
7.036,0.5999524,3.2931519,8.7334385
7.056,0.73407346,2.994972,8.776549
7.077,1.0071057,3.2404613,8.93462
7.097,1.0071057,3.2404613,8.93462
7.118,1.1064991,3.0285022,8.458012
7.138,1.0621911,2.9758117,8.485554
7.159,1.2597803,3.197351,8.727451
7.179,0.97118044,3.009342,8.919053
7.2,1.1160791,3.2117212,8.537047
7.22,1.0047107,3.2596216,8.5598
7.241,1.0047107,3.2596216,8.5598
7.261,0.94363767,3.2081287,8.601712
7.282,0.9364526,3.432063,8.927435
7.302,0.9364526,3.432063,8.927435
7.323,0.5736072,3.4763708,8.871152
7.343,0.5987549,3.2835717,8.9513855
7.363,0.5987549,3.2835717,8.9513855
7.384,0.49696654,3.5290613,8.747808
7.404,0.2826123,3.4033227,9.095087
7.425,0.2826123,3.4033227,9.095087
7.445,0.65743285,3.6919227,8.496332
7.466,0.5340893,3.6595898,8.681946
7.486,0.5029541,3.6823425,9.297466
7.507,0.11496094,3.317102,8.947793
7.527,0.4790039,3.7086878,8.624465
7.547,0.3185376,3.67875,8.808882
7.568,0.3185376,3.67875,8.808882
7.588,0.46223876,3.5973194,8.943003
7.609,0.30296996,3.3650024,8.863967
7.629,0.30296996,3.3650024,8.863967
7.65,0.6011499,3.8236487,8.837622
7.67,0.74365354,3.8020935,8.820857
7.691,0.48020142,3.5230737,8.652008
7.711,0.48020142,3.5230737,8.652008
7.732,0.48020142,3.5230737,8.652008
7.752,0.58198977,3.7266505,8.749006
7.772,0.33410522,3.7565882,9.066346
7.793,0.33410522,3.7565882,9.066346
7.813,0.09580078,3.5865417,8.911868
7.834,-0.033530273,3.5266662,8.790919
7.854,0.28979737,3.885919,8.250842
7.875,0.28979737,3.885919,8.250842
7.896,0.28979737,3.885919,8.250842
7.916,0.28500733,3.937412,8.9585705
7.937,0.28500733,3.937412,8.9585705
7.957,0.48738647,3.5817518,8.792117
7.978,0.48738647,3.5817518,8.792117
7.998,0.49457154,3.5290613,8.701106
8.019,0.7747888,3.742218,8.36221
8.039,0.2323169,3.5182836,9.0076685
8.06,0.11615845,3.4667907,8.836425
8.08,0.25147706,3.6847374,8.703501
8.101,0.3903882,3.8535864,8.722661
8.121,0.33889526,3.838019,8.424481
8.142,0.4179309,3.9433997,8.372989
8.162,0.1963916,3.5877392,8.539442
8.182,0.1963916,3.5877392,8.539442
8.203,0.31255004,3.605702,8.8963
8.223,0.6262976,3.7027001,8.849597
8.244,0.20956421,3.4895434,9.075927
8.264,0.30776,3.3326697,9.125025
8.285,0.30776,3.3326697,9.125025
8.305,0.30776,3.3326697,9.125025
8.327,0.30776,3.3326697,9.125025
8.348,0.1592688,3.7637732,8.532257
8.368,0.10657837,3.6823425,8.996891
8.389,0.6646179,3.9948926,8.310718
8.411,0.31734008,4.2799,8.308323
8.431,0.31734008,4.2799,8.308323
8.452,0.11256592,3.969745,8.274793
8.473,-0.043110352,3.6847374,8.3191
8.494,-0.043110352,3.6847374,8.3191
8.514,0.29937744,3.7973034,8.660391
8.538,0.067060545,3.6655774,8.91067
8.559,0.23830444,3.9122643,9.472302
8.58,0.23830444,3.9122643,9.472302
8.601,-0.3568579,3.5865417,8.321495
8.621,-0.14489868,3.7134778,8.398136
8.643,-0.14489868,3.7134778,8.398136
8.664,-0.17723145,3.8895118,8.708291
8.687,-0.027542725,3.9948926,8.861572
8.708,-0.027542725,3.9948926,8.861572
8.729,0.08981323,3.766168,8.992101
8.75,-0.11136841,3.612887,8.728649
8.771,-0.11136841,3.612887,8.728649
8.791,0.124541014,3.4763708,8.587342
8.812,0.21674927,3.3913476,8.933423
8.835,0.21674927,3.3913476,8.933423
8.856,0.14130615,3.3494349,8.806487
8.877,0.2706372,3.4045203,8.659193
8.898,0.2706372,3.4045203,8.659193
8.919,0.48020142,3.5913317,8.149054
8.94,0.15567628,3.5482213,8.582553
8.961,-0.18920654,2.9542565,9.3381815
8.981,0.122145995,3.185376,8.79571
9.002,-0.18082398,2.802173,9.17532
9.023,-0.18082398,2.802173,9.17532
9.044,-0.42152345,2.4189696,8.917855
9.064,-0.42152345,2.4189696,8.917855
9.085,-0.74604857,1.5735278,9.390872
9.106,-0.6861731,1.5028747,9.462722
9.127,-0.6861731,1.5028747,9.462722
9.147,-0.6861731,1.5028747,9.462722
9.168,-0.5137317,1.8202149,9.147778
9.189,-0.5831873,1.8262024,8.980125
9.209,-0.5831873,1.8262024,8.980125
9.23,-0.6119275,1.5890955,8.781339
9.251,-0.676593,1.6046631,8.649613
9.271,-0.676593,1.6046631,8.649613
9.292,-0.676593,1.6046631,8.649613
9.313,-0.6227051,1.4609619,9.927356
9.333,-0.737666,1.3747412,9.872271
9.354,-0.737666,1.3747412,9.872271
9.375,-0.737666,1.3747412,9.872271
9.396,-0.859812,1.5543677,9.107061
9.416,-0.859812,1.5543677,9.107061
9.437,-0.64665526,1.717229,9.868678
9.458,-0.53049684,1.6765137,9.904603
9.479,-0.87657714,1.4825171,9.589658
9.5,-0.7220984,1.5878979,9.417217
9.521,-0.7220984,1.5878979,9.417217
9.542,-0.7220984,1.5878979,9.417217
9.563,-0.7220984,1.5878979,9.417217
9.583,-0.80472654,1.2909155,9.760902
9.604,-0.65623534,1.3879138,9.279503
9.624,-0.65623534,1.3879138,9.279503
9.645,-0.7149133,1.2837305,9.398057
9.665,-0.8250842,1.2202624,9.501042
9.686,-0.6586304,1.1891272,9.541758
9.706,-0.6586304,1.1891272,9.541758
9.727,-0.7161108,0.92807007,10.080637
9.747,-0.8909473,0.85382444,10.053095
9.768,-0.8909473,0.85382444,10.053095
9.788,-0.8250842,0.62989014,9.461525
9.808,-0.5556445,0.5137317,9.447155
9.829,-0.5556445,0.5137317,9.447155
9.849,-0.45744872,0.38320312,9.75252
9.87,-0.38440064,0.5185217,9.726174
9.89,-0.58558226,0.42032593,9.905801
9.911,-0.65264285,0.3436853,9.618399
9.931,-0.58558226,0.43469605,9.305848
9.952,-0.6394702,0.6502478,9.230405
9.972,-0.6394702,0.6502478,9.230405
9.993,-0.81310916,0.09101074,9.594448
10.013,-0.7472461,0.14489868,9.587263
10.033,-0.7472461,0.14489868,9.587263
10.054,-0.50774413,0.6490503,9.485475
10.074,-0.5771997,0.53169435,9.471105
10.095,-0.5771997,0.53169435,9.471105
10.115,-0.5412744,0.31374756,9.283095
10.136,-0.4921765,0.48858398,9.669891
10.156,-0.4921765,0.48858398,9.669891
10.177,-0.63587767,0.19279908,9.460327
10.197,-0.67898804,0.2574646,9.631571
10.218,-0.6322852,0.1484912,9.760902
10.238,-0.29219237,0.48738647,9.489067
10.258,-0.58198977,0.07664063,9.79084
10.279,-0.368833,0.04430786,9.869876
10.299,-0.368833,0.04430786,9.869876
10.32,-0.183219,0.2838098,9.0567665
10.34,-0.2933899,0.04550537,9.2256155
10.361,-0.2933899,0.04550537,9.2256155
10.381,-0.21555176,0.13651611,9.604029
10.402,-0.16765137,0.15208374,9.914184
10.422,-0.16765137,0.15208374,9.914184
10.442,-0.029937744,0.27662477,9.576486
10.463,-0.18082398,0.0059875487,9.650731
10.483,-0.061072998,-0.017962646,9.638756
10.504,-0.07065307,-0.18681152,9.144184
10.524,-0.14370117,-0.22273682,9.365724
10.545,0.065863036,-0.1101709,9.363329
10.565,0.065863036,-0.1101709,9.363329
10.586,-0.041912843,-0.18082398,9.22801
10.606,-0.3436853,-0.14968872,9.250763
10.627,-0.3436853,-0.14968872,9.250763
10.647,-0.21195923,0.2826123,9.501042
10.667,-0.32332763,0.183219,9.883048
10.688,-0.32332763,0.183219,9.883048
10.708,-0.76640624,-0.0490979,9.378897
10.729,-0.48379394,0.19160156,9.18011
10.749,-0.61911255,0.08023316,9.47829
10.77,-0.5221143,-0.0981958,9.584868
10.79,-0.54247195,-0.31734008,9.594448
10.811,-0.81191164,-0.48618898,9.904603
10.831,-0.81191164,-0.48618898,9.904603
10.852,-0.4263135,0.1353186,9.662706
10.873,-0.2694397,0.21315674,9.595646
10.894,-0.2694397,0.21315674,9.595646
10.915,-0.4394861,-0.49936157,9.11784
10.936,-0.37482056,-0.39877075,8.923842
10.956,-0.37482056,-0.39877075,8.923842
10.977,-0.33410522,-0.029937744,9.451944
10.999,-0.4921765,-0.20357665,9.159752
11.019,-0.4921765,-0.20357665,9.159752
11.041,-0.44547364,0.0742456,9.348959
11.061,-0.7580237,0.11496094,9.650731
11.082,-0.7580237,0.11496094,9.650731
11.102,-0.44667113,0.46104127,9.73815
11.123,-0.7089258,0.24429199,9.388476
11.143,-0.88855225,0.014370117,9.308244
11.163,-0.65743285,0.13172607,8.88193
11.184,-0.852627,0.09340576,9.374106
11.204,-0.54247195,0.07903565,9.401649
11.225,-0.54247195,0.07903565,9.401649
11.245,-0.89932984,-0.1963916,9.975256
11.266,-0.8454419,0.03592529,9.577683
11.286,-0.8454419,0.03592529,9.577683
11.307,-0.59276736,0.41314086,9.317823
11.327,-0.6394702,0.5783972,9.510623
11.347,-0.6394702,0.5783972,9.510623
11.368,-0.8969348,-0.17004639,9.422007
11.388,-0.8346643,-0.015567627,9.16574
11.409,-0.87298465,0.35087037,9.22801
11.429,-0.8562195,0.42391846,9.444759
11.45,-1.045426,0.3329077,9.499845
11.47,-1.1184741,0.19758911,9.660312
11.491,-1.1184741,0.19758911,9.660312
11.511,-0.88974977,0.38320312,9.524993
11.531,-0.8693921,0.5736072,9.303453
11.552,-0.8693921,0.5736072,9.303453
11.572,-0.87777466,0.21435425,9.587263
11.593,-1.0609937,-0.027542725,9.425599
11.613,-1.0609937,-0.027542725,9.425599
11.634,-0.43110353,0.42272094,9.128617
11.654,-0.7496411,0.30057496,9.239985
11.675,-0.79394895,0.19998413,9.510623
11.695,-0.9472302,0.1580713,9.319021
11.715,-1.2250525,-0.13412109,9.56451
11.736,-1.0933264,0.15088624,9.3944645
11.756,-1.0933264,0.15088624,9.3944645
11.777,-1.0933264,0.15088624,9.3944645
11.797,-0.9352551,0.49576905,9.624386
11.818,-0.9448352,0.22872436,9.572893
11.838,-0.80592406,0.0981958,9.371712
11.859,-0.80592406,0.0981958,9.371712
11.879,-0.80592406,0.0981958,9.371712
11.9,-0.49337402,0.368833,9.405242
11.921,-0.735271,0.05748047,9.49266
11.942,-0.95321774,-0.07664063,9.220825
11.963,-0.8370593,0.29817992,9.351354
11.984,-0.7735913,0.4514612,9.447155
12.005,-0.7640112,0.5712122,9.54535
12.025,-1.1029065,0.25506958,9.630374
12.046,-1.0442286,0.22632934,9.280701
12.067,-0.75083864,0.59276736,9.159752
12.088,-0.75083864,0.59276736,9.159752
12.109,-0.7197034,0.34608033,9.775272
12.13,-0.6993457,-0.064665526,9.572893
12.151,-0.6993457,-0.064665526,9.572893
12.174,-0.5233118,0.45864624,9.09868
12.195,-0.36164796,0.6861731,8.916657
12.217,-0.36164796,0.6861731,8.916657
12.238,-0.6047424,0.08023316,9.8447275
12.259,-0.6047424,0.08023316,9.8447275
12.28,-0.368833,0.15567628,9.47829
12.3,-0.368833,0.15567628,9.47829
12.321,-0.368833,0.15567628,9.47829
12.341,-0.05987549,0.4514612,9.144184
12.362,-0.05987549,0.4514612,9.144184
12.383,0.029937744,-0.05987549,9.378897
12.403,0.041912843,0.1101709,9.405242
12.423,0.041912843,0.1101709,9.405242
12.444,0.029937744,0.29817992,9.498648
12.464,0.05269043,0.36524048,9.251961
12.485,0.041912843,0.34847534,9.084309
12.505,-0.026345216,0.27782226,9.091495
12.526,0.067060545,0.3197351,9.332193
12.546,-0.09340576,0.41433838,9.7321615
12.567,-0.09340576,0.41433838,9.7321615
12.587,-0.10059082,0.57480466,9.243578
12.608,0.019160157,0.66821045,8.937016
12.628,0.019160157,0.66821045,8.937016
12.649,0.09699829,0.9400452,9.048384
12.669,0.11855347,1.035846,9.459129
12.689,0.11855347,1.035846,9.459129
12.71,0.0023950196,0.9340576,9.443562
12.73,-0.123343505,0.80113405,9.398057
12.751,-0.24548951,0.8681946,9.2818985
12.771,-0.021555176,1.1280541,8.856782
12.792,-0.22752686,1.0370435,9.375304
12.812,-0.26464966,0.94842774,9.323811
12.833,-0.26464966,0.94842774,9.323811
12.853,-0.08741821,1.0226734,9.524993
12.873,-0.16765137,0.91250247,9.388476
12.894,-0.16765137,0.91250247,9.388476
12.914,-0.15208374,0.8586145,9.153765
12.935,-0.085023195,0.8202942,9.284293
12.955,-0.085023195,0.8202942,9.284293
12.976,0.24069947,0.92807007,9.377699
12.996,0.22513184,0.91609496,9.480685
13.017,0.26824218,0.86699706,9.586065
13.038,0.28859985,0.8346643,9.380094
13.059,0.4514612,0.83945435,9.217233
13.079,0.38919067,0.92567503,8.992101
13.101,0.5281018,0.8107141,9.084309
13.122,0.66821045,1.0166858,9.260343
13.143,0.65623534,0.9903406,9.395661
13.163,0.65623534,0.9903406,9.395661
13.185,0.7484436,1.3759388,9.25675
13.205,0.796344,1.3962964,9.166937
13.226,0.796344,1.3962964,9.166937
13.247,0.87178713,1.287323,9.102272
13.268,0.87178713,1.287323,9.102272
13.288,1.0166858,1.287323,9.2747135
13.308,1.0166858,1.287323,9.2747135
13.329,0.99992067,1.3819263,9.22322
13.349,0.99992067,1.3819263,9.22322
13.37,1.1687695,1.3172607,8.59812
13.39,1.2406201,1.355581,8.92025
13.411,1.3196558,1.1867322,9.067544
13.431,1.3196558,1.1867322,9.067544
13.452,1.162782,1.2729529,9.695039
13.472,1.3172607,1.3172607,8.998089
13.493,1.1005114,1.2046949,9.128617
13.513,1.1005114,1.2046949,9.128617
13.534,1.1005114,1.2046949,9.128617
13.554,1.2406201,1.4382092,9.238788
13.575,1.3040881,1.4501843,9.704619
13.595,1.3040881,1.4501843,9.704619
13.616,1.3998889,1.1400293,9.598041
13.636,1.3687537,1.0490185,9.569301
13.657,1.4130615,1.1639795,9.371712
13.677
13.697,1.4908997,1.0981164,9.128617
13.718,1.7100439,1.113684,9.111852
13.738,1.7100439,1.113684,9.111852
13.759,1.7100439,1.113684,9.111852
13.78,1.7100439,1.113684,9.111852
13.801,1.6274158,1.6214283,8.933423
13.822,1.2490027,1.3112732,9.153765
13.842,1.2490027,1.3112732,9.153765
13.863,1.2490027,1.3112732,9.153765
13.89,1.4920971,1.6729212,9.19927
13.911,1.343606,1.7280066,9.372909
13.932,1.343606,1.7280066,9.372909
13.952,1.4861096,1.3699511,9.388476
13.973,1.4861096,1.3699511,9.388476
13.994,1.4861096,1.3699511,9.388476
14.014,1.7794995,1.5938855,9.360934
14.034,1.7794995,1.5938855,9.360934
14.055,1.6753162,1.3016931,9.380094
14.075,1.6753162,1.3016931,9.380094
14.096,2.0800745,1.3591735,9.233997
14.116,2.254911,1.5579602,9.21364
14.137,2.147135,1.2394226,9.547746
14.157,2.147135,1.2394226,9.547746
14.178,2.2968237,0.7688013,9.342971
14.198,2.2477257,0.5999524,9.0567665
14.219,2.757865,0.5903723,8.685538
14.239,2.8345056,0.5065466,8.286768
14.259,2.8345056,0.5065466,8.286768
14.28,3.6368372,0.11376343,9.127419
14.301
14.321,3.4548156,0.081430666,10.106982
14.342,3.4548156,0.081430666,10.106982
14.362,2.9039612,0.42272094,9.084309
14.383,2.2237756,0.23830444,8.841214
14.403,2.2237756,0.23830444,8.841214
14.424,2.2237756,0.23830444,8.841214
14.444,2.0261865,1.3136683,9.496252
14.465,1.7998571,1.6465759,9.651929
14.485,1.8309925,1.8285974,9.7321615
14.506,1.6813037,1.8202149,9.728569
14.526,2.1615052,1.8633252,8.926238
14.547,2.0237916,1.5256275,8.950188
14.567,2.0237916,1.5256275,8.950188
14.588,2.6752367,0.9568103,8.419691
14.608,2.8728259,0.7879614,8.608898
14.628,2.8728259,0.7879614,8.608898
14.649,2.4956102,0.35326537,9.284293
14.669,2.3040087,0.5388794,9.26154
14.69,2.3040087,0.5388794,9.26154
14.71,1.6920813,1.1855347,9.504635
14.731,1.3807287,1.2729529,9.369316
14.751,1.6226257,2.13995,9.024433
14.772,1.6848962,2.1004322,9.298663
14.792,1.7567468,1.6154407,9.714199
14.812,1.785487,1.4346167,9.650731
14.833,1.785487,1.4346167,9.650731
14.853,1.785487,1.4346167,9.650731
14.874,1.785487,1.4346167,9.650731
14.894,2.1782703,1.0095007,8.79571
14.916
14.936,1.4849122,0.57480466,9.081914
14.957,1.4849122,0.57480466,9.081914
14.978,1.5591577,1.4561719,9.177715
14.999,1.5890955,2.1998255,8.738229
15.02,1.607058,1.6417859,9.377699
15.041,1.169967,0.8753796,9.572893
15.062,1.5687377,1.2561878,9.296268
15.083,1.5687377,1.2561878,9.296268
15.103,1.5687377,1.2561878,9.296268
15.124,2.3363416,1.1711645,9.623188
15.145,2.2046156,0.6215076,9.590856
15.165,2.1411474,0.7652087,9.362131
15.186,2.1411474,0.7652087,9.362131
15.206,2.374662
15.227,2.0142114,1.4334192,9.205257
15.247,1.7483642,1.5807129,9.430389
15.268,1.7483642,1.5807129,9.430389
15.289,1.7483642,1.5807129,9.430389
15.309,1.5076648,1.9507434,9.27591
15.33,1.6789087,2.0381615,8.903485
15.35,1.8621277,2.2704785,8.8484
15.371,1.8621277,2.2704785,8.8484
15.392,1.8621277,2.2704785,8.8484
15.413,2.3950195,2.010619,9.569301
15.434,2.3531067,2.14953,9.381291
15.455,2.3315516,2.1076171,8.643625
15.476,2.3315516,2.1076171,8.643625
15.497,2.5075855,2.1926403,8.619676
15.52,2.6153612,2.692002,9.012459
15.541,2.6153612,2.692002,9.012459
15.562,2.530338,2.7243347,8.798104
15.583,2.6620643,2.9087512,8.545429
15.604,2.6620643,2.9087512,8.545429
15.624,2.7890003,2.814148,8.860374
15.645,2.9865894,2.7710376,9.26154
15.666,2.9865894,2.7710376,9.26154
15.687,3.0811927,2.3950195,9.212442
15.708,3.131488,2.3016138,9.0004835
15.729,3.3793726,2.5147705,8.66518
15.751,3.3566198,2.4764502,8.6843405
15.771,3.3566198,2.4764502,8.6843405
15.791,3.3769774,2.4536974,8.921448
15.812,3.3769774,2.4536974,8.921448
15.832,3.1913636,2.4069946,9.040001
15.853,3.1686108,2.4536974,8.937016
15.873,2.802173,2.379452,8.661588
15.894,2.802173,2.379452,8.661588
15.915,2.802173,2.379452,8.661588
15.935,2.7770252,2.7135572,9.995614
15.956,2.8057654,2.4525,9.431587
15.976,2.757865,2.494413,8.97294
15.997,2.5375233,2.3159838,8.067623
16.017,2.8979735,2.75547,7.6149645
16.038,2.9865894,2.9722192,7.841294
16.058,2.9865894,2.9722192,7.841294
16.079,2.9614418,2.2477257,9.008866
16.099,2.7842102,2.0010388,8.8879175
16.12,2.7842102,2.0010388,8.8879175
16.14,2.9003687,3.0883777,8.388556
16.161,2.9542565,3.2823744,8.674761
16.181,2.9542565,3.2823744,8.674761
16.202,2.3878345,2.5614734,8.62207
16.222,2.3878345,2.5614734,8.62207
16.242,2.3076012,2.6177564,8.723859
16.263,2.090852,3.1650183,9.304651
16.283,2.0932472,3.1542406,9.310638
16.304,1.83698,3.1698084,8.871152
16.324,1.83698,3.1698084,8.871152
16.345,1.8525476,3.514691,8.541837
16.365,1.7411792,3.5937269,8.716674
16.386,1.7411792,3.5937269,8.716674
16.406,1.4597644,3.749403,9.401649
16.426,1.0621911,3.5721717,9.210048
16.447,1.0621911,3.5721717,9.210048
16.467,0.79514647,3.4356556,7.9430823
16.488,0.6550378,3.578159,7.874824
16.508,0.554447,3.5997143,7.9861927
16.529,0.74365354,4.0415955,8.525072
16.549,0.54726195,4.1685314,8.725056
16.57,0.5831873,4.33259,8.754993
16.591,0.7101233,4.326603,8.55501
16.611,0.7101233,4.326603,8.55501
16.632,0.7101233,4.326603,8.55501
16.652
16.672,0.58198977,4.3565407,9.677076
16.693,0.58198977,4.3565407,9.677076
16.714,0.7711963,4.0008802,8.943003
16.735,0.92208254,3.6428246,8.786129
16.756,1.2525952,3.624862,9.102272
16.777,1.5567627,3.624862,9.43518
16.798,2.0046313,3.6488123,9.255553
16.818,2.078877,3.612887,8.98731
16.839,2.46208,3.3530273,8.625663
16.861,2.405797,2.8955786,8.519085
16.883,2.5542884,2.9662316,8.467591
16.906,2.5758436,3.0344896,8.971744
16.927,2.3483167,2.7734327,8.8963
16.949,2.342329,2.7854078,8.807684
16.97,2.1770728,2.7315197,8.793314
16.992,1.9531385,2.635719,8.813672
17.013,2.0333717,2.8979735,8.673563
17.034,2.0333717,2.8979735,8.673563
17.055,2.0333717,2.8979735,8.673563
17.076,2.0333717,2.8979735,8.673563
17.097,2.2632935,3.3446448,8.5717745
17.117,2.2297633,3.39015,8.720266
17.138,1.9746937,2.945874,8.709489
17.158,1.9746937,2.945874,8.709489
17.179,1.9746937,2.945874,8.709489
17.2,2.1639001,3.3182995,9.142987
17.22,2.318379,3.4727783,8.984916
17.241,1.6992663,3.1039453,8.817265
17.263,1.6992663,3.1039453,8.817265
17.284,1.6992663,3.1039453,8.817265
17.305,1.6992663,3.1039453,8.817265
17.326,1.4813195,3.4655933
17.347,1.1292517,3.2117212,9.170529
17.367,1.1292517,3.2117212,9.170529
17.388,1.1292517,3.2117212,9.170529
17.409,0.88735473,3.798501,8.788525
17.431,,,
17.452,1.0681787,3.9086719,8.691525
17.473,1.0681787,3.9086719,8.691525
17.494,1.0681787,3.9086719,8.691525
17.514,0.66342044,3.735033,8.916657
17.535,0.80113405,3.8679566,8.453221
17.555,0.80113405,3.8679566,8.453221
17.576,0.68018556,3.8919067,8.539442
17.597,0.68018556,3.8919067,8.539442
17.618,0.68018556,3.8919067,8.539442
17.639,0.68018556,3.8919067,8.539442
17.66,0.9364526,3.8954992,8.93941
17.681,0.92807007,3.7565882,9.060359
17.702,0.920885,3.441643,8.65081
17.722,0.8250842,3.270399,8.62207
17.743,0.8250842,3.270399,8.62207
17.764,0.8250842,3.270399,8.62207
17.785,0.8250842,3.270399,8.62207
17.806,0.5628296,3.3314722,9.272318
17.827,0.53049684,3.3254845,9.347761
17.848,0.53049684,3.3254845,9.347761
17.868,0.45026368,3.7949085,8.871152
17.888,0.6286926,3.7733533,8.835227
17.909,0.65623534,3.800896,8.758587
17.93,0.65623534,3.800896,8.758587
17.95,0.8789722,4.012855,8.681946
17.971,1.0382409,4.1002736,8.950188
17.991,1.0382409,4.1002736,8.950188
18.012,0.8741821,3.3458424,8.783734
18.032,0.81550413,3.2799792,8.765772
18.052,0.81550413,3.2799792,8.765772
18.073,0.57480466,3.5170863,8.770561
18.093,0.30895752,3.3314722,8.734636
18.114,0.30895752,3.3314722,8.734636
18.134,0.08861572,3.869154,9.15137
18.155,0.019160157,3.9481897,9.217233
18.175,-0.1101709,3.8931043,9.032816
18.196,-0.1101709,3.8931043,9.032816
18.216,0.010777588,4.2272096,8.750204
18.236,-0.023950195,4.071533,8.7825365
18.257,-0.023950195,4.071533,8.7825365
18.277,0.17962646,3.9601648,9.006471
18.298,0.07903565,3.5218763,9.16095
18.318,0.07903565,3.5218763,9.16095
18.339,0.03592529,3.3506324,9.327404
18.359,0.5484595,3.4200878,8.963361
18.38,0.5484595,3.4200878,8.963361
18.401,0.55803955,3.5218763,8.495134
18.421,0.6873706,3.7709582,8.63165
18.441,0.59755737,3.7230577,8.977731
18.462,0.6538403,3.7613783,8.769364
18.482,0.432301,3.7134778,8.868757
18.503,0.25147706,3.3123121,8.853189
18.523,0.25147706,3.3123121,8.853189
18.544,0.12693603,3.6967127,8.849597
18.564,0.12693603,3.6967127,8.849597
18.584,0.13891113,3.681145,8.995693
18.605,0.13891113,3.681145,8.995693
18.626,0.25506958,3.5434313,8.904682
18.646,0.05987549,3.3290772,8.873548
18.667,0.05987549,3.3290772,8.873548
18.688,0.37122804,3.6200721,8.816067
18.708,0.31015503,3.5482213,8.812474
18.729,0.6286926,3.747008,8.663983
18.751,0.6286926,3.747008,8.663983
18.772,0.69455564,3.7506006,8.308323
18.793,0.3556604,3.6080968,8.499925
18.814,0.3556604,3.6080968,8.499925
18.835,0.32692015,3.2596216,8.655601
18.855,0.20357665,3.197351,8.777746
18.879,0.20357665,3.197351,8.777746
18.899,0.14250366,3.4703834,8.716674
18.921,0.064665526,3.6164794,8.679551
18.941,0.064665526,3.6164794,8.679551
18.963,0.15567628,3.7973034,8.422086
18.985,0.0490979,3.7146752,8.709489
19.005,0.0490979,3.7146752,8.709489
19.041,0.0490979,3.7146752,8.709489
19.062,0.0490979,3.7146752,8.709489
19.083,0.0490979,3.7146752,8.709489
19.104,-0.2562671,3.4620008,8.87235
19.124,-0.2562671,3.4620008,8.87235
19.151,-0.28620484,3.7529955,8.698711
19.171,-0.28620484,3.7529955,8.698711
19.192,-0.28620484,3.7529955,8.698711
19.212,-0.28620484,3.7529955,8.698711
19.233,-0.22393432,3.4751732,8.541837
19.253,-0.22393432,3.4751732,8.541837
19.274,-0.22393432,3.4751732,8.541837
19.294,-0.33889526,3.514691,8.520282
19.315,-0.5676196,3.5482213,8.653206
19.335,-0.5676196,3.5482213,8.653206
19.356,-0.7364685,3.36141,8.932225
19.376,-0.66701293,3.5649865,8.8951025
19.397,-0.732876,3.7613783,8.825647
19.417,-0.732876,3.7613783,8.825647
19.438,-0.60234743,4.311035,8.369396
19.458,-0.4778064,3.9709425,8.4520235
19.479,-0.4778064,3.9709425,8.4520235
19.499,-0.3568579,3.8978944,8.6077
19.519,-0.45864624,3.4608033,8.784931
19.54,-0.45864624,3.4608033,8.784931
19.56,-0.4670288,3.2572265,8.840017
19.581,-0.42032593,3.1207104,8.880733
19.601,-0.22393432,3.3111145,8.904682
19.622,-0.32692015,3.0285022,8.66518
19.642,-0.20836669,2.8297155,8.743019
19.663,-0.34967285,2.8656409,8.461604
19.683,-0.3185376,2.8967762,8.739427
19.704,-0.31374756,2.957849,8.686736
19.724,-0.36524048,3.3482373,8.729846
19.744,-0.36524048,3.3482373,8.729846
19.765,-0.8490344,3.4404457,8.731044
19.785,-0.6442602,3.5290613,8.428074
19.806,-0.6442602,3.5290613,8.428074
19.826,-0.25267455,3.859574,8.26162
19.847,-0.45984375,3.3697925,8.927435
19.867,-0.45984375,3.3697925,8.927435
19.888,-0.08981323,3.1374755,8.707093
19.908,-0.17842895,2.7590625,8.691525
19.928,0.10657837,2.8249254,8.234077
19.949,0.19160156,2.574646,7.965835
19.969,0.12693603,2.4920177,8.210127
19.99,0.05149292,2.3758593,8.49274
20.01,0.05149292,2.3758593,8.49274
20.031,-0.3927832,2.193838,8.355025
20.051,-0.06346802,2.4860303,8.350236
20.072,-0.06346802,2.4860303,8.350236
20.092,-0.23111938,1.9974463,8.668774
20.113,-0.41912842,2.2824535,8.927435
20.133,-0.41912842,2.2824535,8.927435
20.153,-0.4406836,1.6214283,8.600515
20.174,-0.36404297,1.5280224,8.113129
20.194,-0.3568579,1.6477734,7.891589
20.215,-0.36284545,1.8980529,8.84361
20.235,-0.39877075,1.9675086,8.88193
20.256,-0.78915894,1.9136206,9.0639515
20.276,-0.78915894,1.9136206,9.0639515
20.297,-1.2358301,1.663341,9.48787
20.317,-1.3268409,1.6789087,8.8963
20.338,-1.3268409,1.6789087,8.8963
20.358,-1.0550061,2.2381458,9.404044
20.378,-1.1412268,2.0848646,9.49266
20.399,-1.1412268,2.0848646,9.49266
20.419,-1.0502161,1.8250049,9.426797
20.44,-0.80472654,1.8753003,9.311836
20.46,-0.8143066,1.9267932,9.323811
20.481,-0.54726195,1.9040406,9.0567665
20.501,-0.53169435,1.714834,9.005274
20.522,-0.73048097,1.5471826,9.19448
20.542,-0.73048097,1.5471826,9.19448
20.563,-0.90411985,1.5986755,8.84361
20.583,-0.75682616,1.9148182,8.801697
20.604,-0.75682616,1.9148182,8.801697
20.624,-0.92567503,2.259701,9.238788
20.644,-0.7759863,2.090852,9.1693325
20.665,-0.7759863,2.090852,9.1693325
20.685,-0.76161623,1.8405725,9.1202345
20.706,-0.60713744,1.8645227,8.998089
20.726,-0.67898804,1.8848804,9.017248
20.747,-0.50774413,1.7723144,8.798104
20.767,-0.68018556,1.8585352,8.850795
20.788,-0.7232959,1.8729053,9.21364
20.808
20.828,-0.74485105,1.9794836,9.3872795
20.849,-1.0645862,1.9938538,9.671089
20.869,-1.0645862,1.9938538,9.671089
20.89,-1.1412268,2.2561083,9.402846
20.91,-0.91609496,2.3614893,9.005274
20.93,-0.91609496,2.3614893,9.005274
20.951,-0.7759863,2.6009912,9.0567665
20.971,-0.5376819,2.962639,9.136999
20.992,-0.5376819,2.962639,9.136999
21.012,-0.8107141,2.3950195,9.272318
21.033,-0.76640624,2.5578809,9.002878
21.053,-0.96160036,2.374662,8.874744
21.074,-0.96160036,2.374662,8.874744
21.094,-0.96160036,2.374662,8.874744
21.114,-0.70772827,2.931504,9.107061
21.135,-0.7735913,3.046465,9.166937
21.156,-0.7735913,3.046465,9.166937
21.176,-0.7735913,3.046465,9.166937
21.197,-0.7699988,3.0368848,8.630453
21.217,-0.6119275,2.7997777,8.813672
21.238,-0.6119275,2.7997777,8.813672
21.258,-0.80113405,2.814148,8.980125
21.278,-0.50774413,2.9051588,9.107061
21.299,-0.50774413,2.9051588,9.107061
21.319,-0.42032593,2.9003687,9.096284
21.34,-0.74604857,2.6417065,9.230405
21.36,-0.74604857,2.6417065,9.230405
21.381,-0.34727782,2.9183314,9.503437
21.401,-0.34727782,2.9183314,9.503437
21.422,-0.31135255,2.877616,9.342971
21.442,-0.5340893,2.5962012,9.235195
21.463,-0.59635985,2.6979895,9.032816
21.483,-0.65623534,2.7818153,8.932225
21.503,-0.65623534,2.7818153,8.932225
21.524,-0.5760022,3.258424,9.685459
21.544,-0.61911255,3.427273,9.48787
21.565,-0.61911255,3.427273,9.48787
21.585,-0.3412903,3.3434472,8.915461
21.606,-0.35087037,3.424878,8.624465
21.626,-0.35087037,3.424878,8.624465
21.647,0.104183346,3.102748,8.926238
21.667,-0.0490979,2.5447083,8.851993
21.688,-0.0490979,2.5447083,8.851993
21.708,0.17363891,2.46208,9.326206
21.729,-0.09101074,2.3207738,9.061557
21.749,0.07065307,2.3974144,8.493937
21.769,0.07065307,2.3974144,8.493937
21.79,-0.305365,1.7567468,9.036408
21.811,-0.66821045,1.8106347,8.634046
21.831,-0.66821045,1.8106347,8.634046
21.852,-0.26584718,2.6692493,8.798104
21.872,-0.4047583,2.6093738,8.889115
21.893,-0.4047583,2.6093738,8.889115
21.913,-0.6502478,1.653761,9.267529
21.933,-0.22632934,1.5723304,8.612491
21.954,-0.22632934,1.5723304,8.612491
21.974
21.995,-0.48499146,1.4825171,9.168135
22.015,-0.28859985,1.5064673,9.280701
22.036,-0.5412744,1.6836988,9.480685
22.056,-0.42152345,1.9399658,9.466314
22.077,-0.6550378,2.0022364,9.522597
22.097,-0.6550378,2.0022364,9.522597
22.118,-1.1891272,1.848955,9.0567665
22.138,-0.93765014,2.2764661,9.154963
22.158,-0.93765014,2.2764661,9.154963
22.179,-0.93765014,2.2764661,9.154963
22.199,-0.9903406,2.262096,9.55972
22.22,-0.7604187,2.2094054,9.171727
22.241,-0.85023195,1.8693128,9.417217
22.262,-0.85023195,1.8693128,9.417217
22.283,-0.95441526,1.5567627,8.8951025
22.304,-0.6322852,2.0944445
22.324,-0.7807764,2.1064196,9.266331
22.345,-0.7807764,2.1064196,9.266331
22.366,-0.79993653,2.1806653,9.3453665
22.387,-0.8849597,1.5471826,9.532178
22.408,-0.8849597,1.5471826,9.532178
22.429,-0.6227051,1.8190173,8.611293
22.45,-0.6442602,1.9914588,9.383686
22.47,-0.6442602,1.9914588,9.383686
22.491,-0.8586145,1.9387683,8.341853
22.512,-0.8861572,2.142345,8.674761
22.535,-0.8861572,2.142345,8.674761
22.556,-0.6825806,2.4417224,7.9622426
22.577,-0.8370593,2.1124072,8.341853
22.598,-0.8370593,2.1124072,8.341853
22.619,-0.76760375,1.6980689,8.919053
22.639,-0.6825806,1.6046631,9.047186
22.66,-0.6274951,1.4597644,8.754993
22.681,-0.53049684,1.5735278,7.66526
22.702,-0.59635985,1.5016773,7.543114
22.723,-0.46942383,1.4885046,7.683223
22.744,-0.46942383,1.4885046,7.683223
22.764,-0.46942383,1.4885046,7.683223
22.785,-0.91250247,0.90411985,8.935818
22.806,-0.91250247,0.90411985,8.935818
22.827,-0.97597045,1.3723462,8.460406
22.848,-0.97597045,1.3723462,8.460406
22.868,-0.97597045,1.3723462,8.460406
22.889,-0.9939331,1.8609302,8.87714
22.909,-1.0023156,1.839375,9.107061
22.93,-0.9951306,1.6801062,9.116642
22.95,-1.0562036,1.3927039,8.657995
22.971,-1.1304492,1.1448194,8.957373
22.991,-1.1304492,1.1448194,8.957373
23.012,-1.1100916,0.97597045,9.399254
23.032,-1.3639636,0.87777466,9.465117
23.053,-1.2669654,0.8861572,9.254355
23.073,-1.2669654,0.8861572,9.254355
23.094,-1.0083032,1.5807129,8.947793
23.114,-1.0083032,1.5807129,8.947793
23.135,-1.3088782,0.93765014,9.625584
23.155,-1.1484119,0.859812,9.472302
23.176,-1.1484119,0.859812,9.472302
23.197,-1.1484119,0.859812,9.472302
23.217,-0.77718383,0.72928345,9.262738
23.238,-0.7807764,0.41194335,9.52619
23.258,-0.91609496,0.22393432,9.386082
23.279,-0.91609496,0.22393432,9.386082
23.3,-0.6251001,0.21315674,9.377699
23.32,-0.64545774,0.17244141,9.164542
23.34,-0.58558226,0.25147706,9.241183
23.361,-0.7220984,0.5221143,10.061477
23.381,-0.49936157,0.93765014,9.630374
23.402,-0.65264285,0.7747888,9.429192
23.422,-0.671803,0.6706055,9.473499
23.443,-1.0621911,0.13052857,9.219627
23.463,-1.0346484,0.37482056,9.053174
23.483,-1.0346484,0.37482056,9.053174
23.504,-1.3819263,0.20836669,9.896221
23.524,-1.0897338,0.5233118,9.839938
23.545,-1.0897338,0.5233118,9.839938
23.565,-1.0717713,0.45625123,9.401649
23.586,-0.91849,0.48618898,9.080716
23.606,-0.91849,0.48618898,9.080716
23.627,-0.803529,0.19040406,9.102272
23.647,-0.92328,-0.21674927,9.710607
23.668,-0.9568103,-0.3329077,9.656719
23.688,-0.8813672,0.016765136,9.536968
23.709,-0.8298743,0.16405883,9.375304
23.729,-0.9699829,0.20836669,9.21364
23.749,-0.9699829,0.20836669,9.21364
23.77,-1.0490185,0.04670288,9.542955
23.791,-1.1735595,-0.021555176,9.736952
23.812,-1.1603869,0.09699829,9.748927
23.832,-1.1603869,0.09699829,9.748927
23.853,-1.1603869,0.09699829,9.748927
23.874,-1.4154565
23.894,-0.80592406,0.46104127,9.778865
23.915,-0.9556128,0.37362304,9.951306
23.935,-0.9556128,0.37362304,9.951306
23.956,-0.9556128,0.37362304,9.951306
23.976,-0.9556128,0.37362304,9.951306
23.997,-0.9556128,0.37362304,9.951306
24.017,-1.2502002,-0.30776,9.917776
24.038,-1.0442286,-0.016765136,9.904603
24.058,-1.0442286,-0.016765136,9.904603
24.079,-1.0442286,-0.016765136,9.904603
24.1,-1.3292358,0.016765136,9.902208
24.12,-1.5603552,-0.07903565,9.895023
24.141,-1.2729529,-0.05388794,9.8028145
24.161,-1.223855,0.013172608,9.6830635
24.181,-1.223855,0.013172608,9.6830635
24.202,-1.1771522,-0.32572266,10.061477
24.222,-1.1771522,-0.32572266,10.061477
24.244,-0.8634045,-0.026345216,9.430389
24.264,-0.97477293,-0.11256592,9.380094
24.285,-0.97477293,-0.11256592,9.380094
24.305,-1.1400293,-0.16046631,9.416019
24.326,-1.1400293,-0.16046631,9.416019
24.347,-1.1400293,-0.16046631,9.416019
24.369,-1.1400293,-0.16046631,9.416019
24.39,-1.1400293,-0.16046631,9.416019
24.412,-1.4441968,-0.029937744,9.481882
24.433,-1.4441968,-0.029937744,9.481882
24.453,-1.2861255,-0.014370117,9.504635
24.474,-1.2861255,-0.014370117,9.504635
24.494,-1.5232325
24.515,-0.90411985,-0.66940796,9.933344
24.535,-1.2418176,-1.1639795,9.600436
24.556,-1.2418176,-1.1639795,9.600436
24.576,-0.94962525,-0.96160036,9.412427
24.597,-1.2166699,-1.045426,9.436377
24.617,-1.2597803,-0.55923706,9.433982
24.638,-1.2597803,-0.55923706,9.433982
24.658,-1.2597803,-0.55923706,9.433982
24.679,-1.7028589,-0.2215393,9.230405
24.7,-1.8764977,-0.52450925,9.431587
24.72,-1.8764977,-0.52450925,9.431587
24.741,-1.8764977,-0.52450925,9.431587
24.762,-1.8764977,-0.52450925,9.431587
24.784,-1.7339941,-0.9627979
24.806,-1.2226574,-1.1639795,10.190808
24.826,-1.2226574,-1.1639795,10.190808
24.847,-1.3400134,-1.6178356,10.697354
24.868,-1.3400134,-1.6178356,10.697354
24.889,-1.3400134,-1.6178356,10.697354
24.909,-1.3519886,-1.4980847,9.994416
24.93,-1.3519886,-1.3627661,9.81479
24.951,-1.3519886,-1.3627661,9.81479
24.972,-1.7555493,-1.5435901,9.068742
24.993,-1.7112415,-1.5376025,9.279503
25.014,-1.3232483,-0.9304651,9.777667
25.034,-1.3232483,-0.9304651,9.777667
25.055,-1.3232483,-0.9304651,9.777667
25.076,-1.3232483,-0.9304651,9.777667
25.096,-1.4561719,-0.6215076,9.563313
25.117,-1.7950672,-0.94842774,9.740544
25.138,-1.7950672,-0.94842774,9.740544
25.159,-1.8166223,-1.3076806,9.827963
25.18,-1.8166223,-1.3076806,9.827963
25.201,-1.8166223,-1.3076806,9.827963
25.222,-1.8166223,-1.3076806,9.827963
25.243,-1.8166223,-1.3076806,9.827963
25.264,-1.5112573,-1.2226574,9.474697
25.285,-1.3268409,-1.5232325,10.065069
25.305,-1.3268409,-1.5232325,10.065069
25.326,-1.3268409,-1.5232325,10.065069
25.347,-1.3268409,-1.5232325,10.065069
25.368,-1.3172607,-0.74604857,8.943003
25.389,-1.6322058,-0.7113208,8.652008
25.409,-2.0800745,-1.1328442,8.989706
25.43,-2.081272,-0.72808594,8.611293
25.45,-2.4333398,-1.0945239,9.528585
25.471,-2.0800745,-0.72808594,9.477093
25.491,-2.5363257,-1.3543836,9.958491
25.512,-2.1136048,-1.5603552,9.053174
25.532,-1.7435743,-0.7688013,9.78126
25.552,-1.7435743,-0.7688013,9.78126
25.573,-1.7663269,-1.0597961,10.568024
25.593,-1.3687537,-0.26464966,9.977652
25.614,-1.3687537,-0.26464966,9.977652
25.634,-1.5172448,-1.3328284,9.590856
25.655,-1.1915222,-1.2717553,9.399254
25.675,-1.1915222,-1.2717553,9.399254
25.695,-1.3016931,-1.7962646,10.936856
25.716,-1.470542,-1.8070422,10.692565
25.736,-0.98195803,-1.2525952,10.054292
25.757,-1.4489868,-1.3867164,9.002878
25.777,-1.2070899,-0.9412427,8.552615
25.798,-1.6525635,-1.3735437,8.758587
25.818,-1.6525635,-1.3735437,8.758587
25.839,-1.5663428,-1.1448194,9.416019
25.859,-1.3076806,-1.4561719,9.419612
25.88,-1.3076806,-1.4561719,9.419612
25.9,-0.7855664,-0.77957886,9.944121
25.92,-1.3567786,-1.9208057,9.960886
25.941,-1.2502002,-1.5639478,9.513018
25.961,-0.7424561,-0.66940796,9.818382
25.982,-0.6215076,-0.34608033,9.815988
26.002,-0.70293826,-0.25147706,9.965676
26.023,-1.0717713,-1.1783496,9.747729
26.043,-0.97237796,-1.1460168,9.639954
26.064,-0.74485105,-0.98674804,9.667497
26.084,-0.74485105,-0.98674804,9.667497
26.104,-0.5676196,-1.353186,10.518926
26.125,-0.6861731,-1.5986755,10.229129
26.145,-0.6861731,-1.5986755,10.229129
26.166,-0.61911255,-0.7604187,9.263935
26.186,-0.4790039,-0.33769774,9.7956295
26.207,-0.4790039,-0.33769774,9.7956295
26.227,-1.0897338,-0.73407346,9.741742
26.248,-1.0502161,-0.6646179,9.323811
26.268,-0.9244775,-0.549657,8.799302
26.288,-0.37362304,-0.081430666,9.3453665
26.309,-0.32572266,-0.24189697,9.697434
26.33,-0.3436853,-0.38080812,9.77168
26.35,-0.3436853,-0.38080812,9.77168
26.37,-0.6370752,-0.80472654,9.302256
26.391,-0.42032593,-0.16286133,9.034014
26.411,-0.42032593,-0.16286133,9.034014
26.432,-0.21195923,0.025147704,9.777667
26.452,-0.5005591,-0.49576905,10.006392
26.473,-0.5005591,-0.49576905,10.006392
26.493,-0.5005591,-0.49576905,10.006392
26.513,-0.5005591,-0.49576905,10.006392
26.534,0.05269043,0.3065625,9.363329
26.554,-0.1844165,0.22992188,9.513018
26.575,-0.20836669,0.082628176,9.584868
26.595,-0.20836669,0.082628176,9.584868
26.616,-0.20836669,0.082628176,9.584868
26.636,-0.20836669,0.082628176,9.584868
26.657,-0.14489868,0.8705896,9.461525
26.677,-0.3185376,0.81550413,9.202863
26.698,0.0071850587,1.0298584,8.940608
26.719,0.0071850587,1.0298584,8.940608
26.74,0.33171022,0.98794556,9.376501
26.761,0.23111938,0.83346677,9.447155
26.782,0.23111938,0.83346677,9.447155
26.803,0.5939648,1.0933264,9.335786
26.823,0.5939648,1.0933264,9.335786
26.844,0.5939648,1.0933264,9.335786
26.864,0.74125856,0.9927356,9.177715
26.885,0.74125856,0.9927356,9.177715
26.906,0.74125856,0.9927356,9.177715
26.926,0.51013917,1.3292358,9.509425
26.947,0.3065625,1.3603711,9.583671
26.967,0.4418811,1.8058448,9.357342
26.989,0.37721556,1.7663269,9.186097
27.01,0.37721556,1.7663269,9.186097
27.031,0.46942383,1.4837146,8.92025
27.051,0.6813831,1.5471826,9.266331
27.071,0.7831714,1.4238391,9.384884
27.092,0.7831714,1.4238391,9.384884
27.112,0.43349853,1.0765613,9.486672
27.133,0.46942383,1.0717713,9.254355
27.153,0.46942383,1.0717713,9.254355
27.174,0.47301635,1.3783337,9.0567665
27.194,0.32572266,1.1759546,9.892628
27.215,0.32572266,1.1759546,9.892628
27.235,0.80592406,1.5280224,9.82437
27.256,1.0813513,1.8621277,9.911788
27.276,0.91130495,1.5388,9.701027
27.297,0.64545774,0.89932984,8.737031
27.317,1.1496093,1.1807446,8.601712
27.337,1.2250525,1.0466236,8.715476
27.358,1.2250525,1.0466236,8.715476
27.378,0.98674804,1.1208692,9.383686
27.399,0.8634045,1.2885205,8.711884
27.419,0.8634045,1.2885205,8.711884
27.44,0.798739,1.5495776,8.699908
27.46,0.8071216,1.3939013,8.566985
27.481,0.8071216,1.3939013,8.566985
27.501,1.2921131,1.6573535,8.913065
27.521,1.2921131,1.6573535,8.913065
27.542,1.4489868,1.5244299,8.847202
27.562,1.7375866,0.69096315,9.329799
27.583,1.729204,0.5269043,9.360934
27.603,1.6932788,0.5760022,9.354946
27.624,1.6932788,0.5760022,9.354946
27.644,1.3950989,0.78915894,8.731044
27.665,1.3651612,0.9089099,8.743019
27.685,1.3651612,0.9089099,8.743019
27.706,0.85142946,1.1053015,9.417217
27.726,0.6598279,1.475332,9.8028145
27.746,0.6598279,1.475332,9.8028145
27.767,0.34608033,1.5304174,9.260343
27.787,0.368833,1.726809,9.139395
27.808,0.33650026,1.6884887,9.1130495
27.828,0.22992188,1.7663269,9.576486
27.849,0.32093263,1.9471508,9.729767
27.869,0.31015503,1.7423767,9.713001
27.889,0.31015503,1.7423767,9.713001
27.91,0.05748047,1.4238391,9.459129
27.93,0.11735596,1.7004639,9.19927
27.951,0.11735596,1.7004639,9.19927
27.971,0.11735596,1.7004639,9.19927
27.992,0.11735596,1.7004639,9.19927
28.012,0.30776,1.5064673,9.498648
28.033,0.48259643,1.3232483,9.21364
28.053,0.48259643,1.3232483,9.21364
28.074,0.48259643,1.3232483,9.21364
28.095,0.48259643,1.3232483,9.21364
28.115,0.5640271,1.23104,8.880733
28.136,0.57959473,1.2322376,9.332193
28.156,0.57959473,1.2322376,9.332193
28.177,0.57959473,1.2322376,9.332193
28.198,0.57959473,1.2322376,9.332193
28.218,0.4263135,1.541195,9.025631
28.239,0.4263135,1.541195,9.025631
28.26,0.50894165,1.4106665,9.093889
28.281,0.50894165,1.4106665,9.093889
28.302,0.9089099,1.4621594,9.153765
28.323,1.033451,1.289718,9.548943
28.344,1.1352392,1.111289,9.462722
28.365,1.1352392,1.111289,9.462722
28.386,1.167572,1.0466236,8.999286
28.409,1.0142908,1.1855347,8.916657
28.43,1.0142908,1.1855347,8.916657
28.451,0.920885,1.2418176,9.168135
28.472,0.79035646,1.0717713,9.15137
28.493,0.79035646,1.0717713,9.15137
28.514,0.79514647,1.284928,8.95378
28.535,0.75682616,1.3004956,9.062754
28.558,0.75682616,1.3004956,9.062754
28.579,0.4287085,1.0657837,9.427995
28.599,0.47062135,1.3615686,9.3309965
28.62,0.549657,1.53401,9.297466
28.641,0.34009278,1.6166382,9.280701
28.662,0.37841308,1.9459534,9.254355
28.683,0.36045045,1.961521,9.262738
28.704,0.4406836,1.8357825,9.27591
28.725,0.43589357,1.971101,9.304651
28.745,0.6610254,2.0968397,9.295071
28.766,0.6610254,2.0968397,9.295071
28.788,0.8214917,1.9782861,9.325008
28.808,1.1172767,2.1016297,9.211246
28.829,1.1172767,2.1016297,9.211246
28.852,1.341211,2.6225464,8.590935
28.873,1.411864,2.7985804,8.616083
28.894,1.411864,2.7985804,8.616083
28.915,1.4549744,2.701582,8.847202
28.935,1.6178356,2.9710217,8.59333
28.955,1.6178356,2.9710217,8.59333
29.009,1.4561719,3.075205,9.002878
29.029,1.3807287,2.8836036,9.067544
29.05,1.3639636,2.9602442,8.968151
29.07,1.3639636,2.9602442,8.968151
29.091,1.5615528,3.246449,8.813672
29.112,1.7004639,3.2356713,9.065149
29.133,1.7004639,3.2356713,9.065149
29.153,2.003434,3.1566358,8.92504
29.174,2.1219873,3.119513,8.812474
29.195,2.259701,3.129093,8.825647
29.216,2.3590941,2.8488758,9.153765
29.237,2.4812403,2.5195606,9.249565
29.258,2.499203
29.278,2.5590785,2.450105,9.133407
29.302,2.5590785,2.450105,9.133407
29.323,2.3998096,2.15432,8.794512
29.344,2.3555017,2.191443,8.79571
29.365,2.3555017,2.191443,8.79571
29.385,2.3555017,2.191443,8.79571
29.406,2.2213807
29.427,2.2213807,2.518363,8.758587
29.447,2.078877,2.6105714,9.154963
29.468,2.2776635,3.0308971,9.036408
29.489,2.2776635,3.0308971,9.036408
29.51,2.2776635,3.0308971,9.036408
29.533,2.2776635,3.0308971,9.036408
29.554,2.454895,2.4465125,8.842412
29.575,2.3662794,2.3087988,8.892708
29.596,2.3662794,2.3087988,8.892708
29.617,2.339934,2.1387525,9.13221
29.638,2.3135889,2.1567152,9.196875
29.659,2.2489233,2.2297633,9.087902
29.679,2.081272,2.7003846,8.865165
29.7,1.8130298,2.5758436,8.732242
29.721,1.7579443,2.9087512,8.723859
29.742,1.7579443,2.9087512,8.723859
29.763,1.7579443,2.9087512,8.723859
29.784,1.7076489,3.1530433,9.238788
29.805,1.6178356,3.0728102,8.913065
29.826,1.6178356,3.0728102,8.913065
29.847,1.6848962,3.38536,8.595725
29.867,1.729204,3.427273,8.57417
29.888,1.8190173,3.730243,8.770561
29.909,1.8190173,3.730243,8.770561
29.93,1.6968713,3.5386415,8.672366
29.951,1.6429834,3.5374439,8.685538
29.972,1.6429834,3.5374439,8.685538
29.993,1.2933105,3.478766,8.8460045
30.014,1.3124707,3.3877552,8.823252
30.035,1.3124707,3.3877552,8.823252
30.057,0.7256909,3.3482373,8.86277
30.08,0.7819739,3.4919386,8.6699705
30.101,0.7819739,3.4919386,8.6699705
30.123,0.15088624,3.206931,9.393267
30.144,0.104183346,3.248844,9.119037
30.164,0.104183346,3.248844,9.119037
30.185,0.05149292,3.5338514,8.729846
30.206,0.20477417,3.5949242,8.543035
30.229,0.20477417,3.5949242,8.543035
30.25,0.39757323,3.803291,8.454419
30.271,0.5484595,3.9410048,8.932225
30.292,0.5484595,3.9410048,8.932225
30.312,0.22513184,3.2153137,8.714278
30.333,0.3161426,3.3602123,8.570578
30.354,0.38799316,3.434458,8.377778
30.375,0.37841308,3.7781434,8.897497
30.396,0.49457154,3.7577856,8.847202
30.417,0.37601808,3.791316,8.869955
30.438,0.37601808,3.791316,8.869955
30.459,0.2969824,3.8272412,8.468789
30.479,0.09939331,3.8068836,8.757389
30.5,0.09939331,3.8068836,8.757389
30.523,0.12693603,3.739823,8.641231
30.544,0.069455564,3.6332445,8.772957
30.565,0.069455564,3.6332445,8.772957
30.587,0.017962646,3.7961059,9.018446
30.61,-0.19758911,3.7027001,8.971744
30.631,-0.19758911,3.7027001,8.971744
30.653,-0.22513184,4.0667434,8.714278
30.676,-0.038320314,4.1074586,8.393346
30.697,-0.038320314,4.1074586,8.393346
30.717,0.027542725,3.8931043,8.822055
30.738,-0.11496094,3.7721558,8.880733
30.758,-0.11496094,3.7721558,8.880733
30.778,-0.11496094,3.7721558,8.880733
30.799,-0.11496094,3.7721558,8.880733
30.82,-0.05269043,3.573369,8.58854
30.841,0.07664063,3.681145,8.490344
30.862,0.07664063,3.681145,8.490344
30.883,0.23590942,3.988905,8.315508
30.905,0.23590942,3.988905,8.315508
30.926,0.23590942,3.988905,8.315508
30.947,0.23590942,3.988905,8.315508
30.97,0.104183346,3.7386255,8.787327
30.991,0.16884887,3.800896,8.983718
31.012,0.16884887,3.800896,8.983718
31.033,-0.30177248,3.7781434,8.766969
31.057,-0.2586621,3.857179,8.599318
31.078,-0.39517823,3.8068836,8.608898
31.098,-0.39517823,3.8068836,8.608898
31.119,-0.45265868,4.1781116,8.725056
31.141,-0.30177248,4.0487804,8.771759
31.162,-0.30177248,4.0487804,8.771759
31.182,-0.14010864,4.2176294,8.655601
31.205,-0.028740235,4.0499783,8.425678
31.226,-0.028740235,4.0499783,8.425678
31.247,0.26824218,4.012855,8.732242
31.268,0.124541014,3.6200721,8.851993
31.289,0.124541014,3.6200721,8.851993
31.309,-0.20357665,3.305127,9.093889
31.331,-0.05149292,3.5254688,8.695118
31.351,-0.27662477,3.5063086,8.828042
31.372,-0.21794678,3.800896,8.680748
31.392,-0.31374756,3.7170703,8.556208
31.413,-0.25506958,3.8248463,8.370593
31.433,-0.24189697,3.9972875,8.57417
31.454,0.020357667,4.1397915,8.685538
31.474,-0.0490979,3.8871167,8.606503
31.495,-0.0490979,3.8871167,8.606503
31.515,0.014370117,3.5745666,9.266331
31.535,0.12693603,3.6009119,9.259146
31.556,0.12693603,3.6009119,9.259146
31.576,0.14370117,3.473976,8.929831
31.597,0.14370117,3.473976,8.929831
31.617,0.04430786,3.075205,8.9585705
31.638,0.04430786,3.075205,8.9585705
31.658,0.04430786,3.075205,8.9585705
31.679,0.25147706,3.7565882,8.511899
31.701,-0.18800904,4.00567,8.954978
31.722,-0.18800904,4.00567,8.954978
31.743,-0.18800904,4.00567,8.954978
31.764,0.123343505,3.5206788,8.729846
31.785,-0.11735596,3.5410364,8.519085
31.805,-0.17244141,3.4081128,8.637638
31.826,-0.17244141,3.4081128,8.637638
31.847,-0.07903565,3.4009278,9.548943
31.868,0.14130615,3.37578,9.18011
31.889,0.14130615,3.37578,9.18011
31.91,0.14130615,3.37578,9.18011
31.93,0.29099488,3.8020935,8.623268
31.951,0.40954834,3.8703516,8.587342
31.972,0.21076173,3.7290454,9.084309
31.992,0.21076173,3.7290454,9.084309
32.014,0.42272094,3.4548156,8.927435
32.035,-0.21914428,3.2955468,9.423204
32.056,-0.21914428,3.2955468,9.423204
32.077,-0.21914428,3.2955468,9.423204
32.098,0.29817992,3.4655933,8.511899
32.118,0.45984375,3.9757323,8.504714
32.139,0.45984375,3.9757323,8.504714
32.161,0.3221301,3.37578,9.269923
32.181,0.3221301,3.37578,9.269923
32.202,0.3221301,3.37578,9.269923
32.224,0.5652246,3.4308655,8.493937
32.245,0.5652246,3.4308655,8.493937
32.266,0.5652246,3.4308655,8.493937
32.287,0.5652246,3.4308655,8.493937
32.308,0.5652246,3.4308655,8.493937
32.328,0.05388794,3.190166,9.081914
32.349,0.791554,3.8272412,8.765772
32.369,0.13172607,3.7170703,9.22801
32.39,0.13172607,3.7170703,9.22801
32.41,0.13172607,3.7170703,9.22801
32.431,0.13172607,3.7170703,9.22801
32.451,0.28979737,3.3937426,8.59333
32.472,0.41673338,3.6009119,8.977731
32.495,0.41673338,3.6009119,8.977731
32.516,0.5149292,3.39015,8.187374
32.537,0.3197351,3.5554066,8.497529
32.558,0.3197351,3.5554066,8.497529
32.579,0.58558226,3.6703675,9.297466
32.6,0.12693603,3.368595,9.5070305
32.621,0.33769774,3.4045203,9.200467
32.641,0.33769774,3.4045203,9.200467
32.662,0.33769774,3.4045203,9.200467
32.683,0.33769774,3.4045203,9.200467
32.704,0.13651611,3.7517982,9.057964
32.725,0.13651611,3.7517982,9.057964
32.745,-0.008382568,3.3362622,9.576486
32.766,-0.14609618,3.2260914,9.493857
32.787,-0.14609618,3.2260914,9.493857
32.808,-0.26704466,2.7470875,8.349038
32.829,-0.25027955,2.8488758,8.416099
32.851,-0.25027955,2.8488758,8.416099
32.872,-0.25027955,2.8488758,8.416099
32.892,-0.8071216,1.9507434,9.533375
32.913,-0.94962525,1.421444,9.378897
32.934,-0.94962525,1.421444,9.378897
32.954,-0.94962525,1.421444,9.378897
32.975,-0.94962525,1.421444,9.378897
32.996,-0.54726195,1.8022522,9.030421
33.017,-0.64665526,1.6920813,9.21364
33.037,-0.64665526,1.6920813,9.21364
33.059,-0.64665526,1.6920813,9.21364
33.079,-0.7113208,1.5076648,8.783734
33.101,-1.0262659,1.2442126
33.121,-1.0262659,1.2442126,9.2256155
33.142,-1.0262659,1.2442126,9.2256155
33.163,-1.0262659,1.2442126,9.2256155
33.184,-0.93286014,1.6262183,9.129814
33.205,-1.035846,1.6094531,9.372909
33.225,-0.82867676,1.6753162,9.048384
33.246,-0.9855505,1.6801062,8.969348
33.266,-0.9855505,1.6801062,8.969348
33.287,-0.54606444,1.4106665,9.140592
33.308,-0.54606444,1.4106665,9.140592
33.328,-0.7843689,1.1711645,9.758507
33.349,-0.7843689,1.1711645,9.758507
33.369,-0.66342044,1.4465919,9.135802
33.389,-0.74006104,1.5028747,9.319021
33.41,-0.74006104,1.5028747,9.319021
33.43,-0.9352551,1.3591735,8.844807
33.451,-1.1005114,1.3388159,9.390872
33.471,-1.1005114,1.3388159,9.390872
33.492,-0.7244934,1.5759228,10.005194
33.512,-0.7244934,1.5759228,10.005194
33.533,-0.87298465,1.355581,9.529782
33.553,-0.6873706,1.2106824,9.280701
33.573,-0.671803,1.3340259,9.042397
33.594,-0.7388635,1.6848962,8.994495
33.614,-0.7388635,1.6848962,8.994495
33.635,-0.9244775,1.463357,9.425599
33.655,-1.0310559,1.6250207,9.587263
33.676,-1.0310559,1.6250207,9.587263
33.696,-0.9675879,2.1255798,9.48787
33.717,-0.9448352,1.6525635,9.650731
33.737,-0.9448352,1.6525635,9.650731
33.757,-0.98195803,1.2933105,8.963361
33.778,-0.5269043,1.3340259,8.889115
33.798,-0.5269043,1.3340259,8.889115
33.819,-0.6119275,1.4897021,9.429192
33.839,-0.48618898,1.5603552,9.308244
33.86,-0.38440064,1.5675403,9.400452
33.88,-0.62031007,1.1160791,9.522597
33.901,-1.0298584,1.4489868,9.048384
33.921,-0.45625123,1.8142273,9.013656
33.941,-0.45625123,1.8142273,9.013656
33.962,-0.7113208,1.5471826,9.192085
33.982,-0.73048097,1.5196398,9.313033
34.003,-0.73048097,1.5196398,9.313033
34.023,-0.9580078,1.2394226,10.025552
34.044,-0.90411985,1.2645704,9.874665
34.064,-0.90411985,1.2645704,9.874665
34.085,-0.80592406,1.6082556,8.753797
34.105,-0.6538403,1.9902612,9.192085
34.126,-0.6813831,1.470542,9.520203
34.146,-0.9065149,1.404679,9.207653
34.166,-0.7244934,1.353186,9.668694
34.187,-0.5736072,1.4873071,9.710607
34.207,-0.5736072,1.4873071,9.710607
34.228,-0.75682616,1.4980847,9.651929
34.248,-0.96399534,1.3855188,9.316626
34.269,-0.96399534,1.3855188,9.316626
34.289,-0.9915381,1.6525635,9.26154
34.344,-0.83945435,1.9890637,9.096284
34.365,-0.83945435,1.9890637,9.096284
34.385,-1.0550061,1.4034815,9.568103
34.406,-1.1256592,1.2178674,9.546548
34.426,-0.83945435,1.3052857,9.219627
34.446,-0.5604346,1.4238391,9.043593
34.467,-0.48259643,1.4142591,8.8951025
34.487,-0.7005432,1.0657837,8.396938
34.508,-0.7005432,1.0657837,8.396938
34.528,-1.3891113,1.0214758,8.970546
34.549,-1.3891113,1.0214758,8.970546
34.57,-1.5627502,1.3352234,9.286688
34.591,-1.4082714,1.3352234,9.406439
34.612,-1.4082714,1.3352234,9.406439
34.632,-1.4082714,1.3352234,9.406439
34.653,-1.0059083,0.5400769,9.220825
34.674,-1.0047107,0.47421387,8.800499
34.695,-1.0047107,0.47421387,8.800499
34.716,-1.0885364,-0.26464966,8.990903
34.736,-1.0885364,-0.26464966,8.990903
34.759,-1.0693762,-0.07544312,9.599238
34.779,-1.0693762,-0.07544312,9.599238
34.801,-1.4226416,0.45026368,9.547746
34.822,-1.5112573,0.28740233,9.302256
34.845,-1.6441809,0.42032593,9.24717
34.866,-1.6441809,0.42032593,9.24717
34.887,-1.6262183,0.40236327,9.78126
34.908,-1.726809,0.28979737,9.965676
34.928,-1.4849122,0.46343628,9.655521
34.949,-1.4849122,0.46343628,9.655521
34.97,-1.2705579,0.24069947
34.991,-1.346001,-0.013172608,9.383686
35.012,-1.5388,-0.22872436,9.554931
35.033,-1.5388,-0.22872436,9.554931
35.054,-1.419049,-0.029937744,9.230405
35.077,-1.2070899,0.0059875487,9.277108
35.098,-1.3064831,-0.10298584,9.46871
35.119,-1.3064831,-0.10298584,9.46871
35.141,-1.3064831,-0.50894165,9.756112
35.161,-1.2957056,-0.1963916,9.745335
35.182,-1.2957056,-0.1963916,9.745335
35.204,-1.3040881,0.120948486,9.090297
35.225,-1.348396,0.31015503,9.181308
35.246,-1.6310083,-0.19758911,9.163344
35.267,-1.6310083,-0.19758911,9.163344
35.288,-1.5711328,-0.40236327,9.671089
35.309,-1.0310559,-0.20597167,9.986034
35.33,-1.0310559,-0.20597167,9.986034
35.351,-1.2454102,-0.5867798,9.751322
35.373,-1.0669812,-0.6215076,9.679471
35.393,-1.0669812,-0.6215076,9.679471
35.414,-0.9831555,-0.3568579,9.230405
35.437,-1.2382251,-0.21794678,9.662706
35.458,-1.2382251,-0.21794678,9.662706
35.479,-1.6082556,-0.43469605,9.214838
35.499,-1.7076489,-0.68497556,9.902208
35.521,-1.8872753,-0.6646179,10.186018
35.542,-1.5771203,-0.4897815,9.911788
35.562,-1.5735278,-0.3197351,9.842333
35.583,-1.7519568,-0.07065307,9.592053
35.604,-1.1352392,-0.3820056,9.266331
35.625,-1.5040723,-0.5041516,9.139395
35.646,-1.1208692,-0.37601808,8.804091
35.667,-1.1747571,-0.70772827,8.963361
35.688,-1.1304492,-1.0981164,9.378897
35.708,-1.1244617,-1.040636,9.267529
35.729,-1.1244617,-1.040636,9.267529
35.751,-0.81191164,-0.3436853,9.534573
35.772,-1.3088782,-0.59755737,9.541758
35.793,-1.3088782,-0.59755737,9.541758
35.814,-1.585503,-0.36284545,9.402846
35.835,-1.5495776,-0.53169435,9.469907
35.856,-1.5495776,-0.53169435,9.469907
35.877,-1.7076489,-0.14250366,9.799222
35.898,-1.7423767,-0.9903406,9.677076
35.921,-1.7423767,-0.9903406,9.677076
35.943,-1.1172767,-0.6753955,9.305848
35.964,-1.1807446,-0.77957886,9.528585
35.987,-1.1807446,-0.77957886,9.528585
36.009,-1.0286609,-1.0909314,9.527388
36.031,-1.1508069,-1.040636,9.799222
36.052,-1.1508069,-1.040636,9.799222
36.072,-1.1508069,-1.040636,9.799222
36.093,-1.1508069,-1.040636,9.799222
36.114,-1.0274634,-0.40835083,9.78126
36.136,-1.233435,-0.6933582,9.811197
36.156,-1.0921289,-0.7855664,9.513018
36.177,-1.0047107,-0.8298743,9.669891
36.198,-1.0047107,-0.8298743,9.669891
36.219,-1.0047107,-0.8298743,9.669891
36.241,-1.0047107,-0.8298743,9.669891
36.262,-0.61073,-1.22625,9.357342
36.283,-0.7723938,-1.4370117,9.386082
36.304,-0.7723938,-1.4370117,9.386082
36.325,-0.7723938,-1.4370117,9.386082
36.35,-0.3185376,-0.8909473,9.206455
36.371,-0.3185376,-0.8909473,9.206455
36.392,-1.0190808,-1.0418335,9.904603
36.413,-1.0190808,-1.0418335,9.904603
36.434,-1.0190808,-1.0418335,9.904603
36.454,-0.97118044,-0.48379394,9.417217
36.475,-0.97118044,-0.48379394,9.417217
36.496,-0.97118044,-0.48379394,9.417217
36.516,-1.2154725,-1.7076489,10.34888
36.536,-0.90531737,-1.5723304,9.765692
36.557,-0.37003052,-0.94962525,9.49745
36.577,-0.37003052,-0.94962525,9.49745
36.598,-0.43349853,-1.2945081,9.510623
36.618,-0.043110352,-1.2406201,9.127419
36.639,-0.04550537,-1.2370276,9.18011
36.659,-0.04550537,-1.2370276,9.18011
36.68,-0.14010864,-1.4669495,10.283016
36.701,-0.5903723,-1.5735278,9.801618
36.721,-0.5903723,-1.5735278,9.801618
36.742,-0.5903723,-1.5735278,9.801618
36.762,-0.28620484,-0.71850586,8.485554
36.782,-0.09340576,-0.6322852,9.508227
36.803,-0.2969824,-0.9520203,9.765692
36.823,-0.2969824,-0.9520203,9.765692
36.844,-0.2969824,-0.9520203,9.765692
36.865,-0.010777588,-0.24429199,9.080716
36.886,0.12573853,-0.031135254,9.110654
36.907,-0.11735596,-0.26584718,9.666299
36.928,-0.11735596,-0.26584718,9.666299
36.949,-0.11735596,-0.26584718,9.666299
36.97,-0.11735596,-0.26584718,9.666299
36.991,0.29219237,-0.24548951,9.529782
37.011,0.2802173,-0.12813355,9.081914
37.032,0.42511597,0.20357665,8.8963
37.052,0.42511597,0.20357665,8.8963
37.073,0.42511597,0.87298465,9.540561
37.093,0.42511597,0.87298465,9.540561
37.114,0.5987549,0.58079225,9.938133
37.134,0.5508545,0.45625123,9.602831
37.155,0.5508545,0.45625123,9.602831
37.175,0.5508545,0.45625123,9.602831
37.196
37.216,0.86579955,0.32332763,9.09868
37.236,0.86579955,0.32332763,9.09868
37.257,0.8837622,0.7975415,9.086704
37.278,0.8837622,0.7975415,9.086704
37.298,1.0310559,1.1663746,9.5214
37.319,0.92807007,1.0669812,9.621991
37.34,0.92807007,1.0669812,9.621991
37.361,0.979563,0.86579955
37.381,1.3759388,1.0801538,8.975336
37.402,1.7627344,1.0214758,8.841214
37.423,1.7627344,1.0214758,8.841214
37.443,1.9172131,0.39637575,9.245973
37.464,1.8633252,0.30057496,9.235195
37.484,2.003434,0.26105714,9.164542
37.504,2.003434,0.26105714,9.164542
37.525,1.717229,0.6502478,9.1202345
37.545,1.6106507,0.732876,8.860374
37.566,1.6106507,0.732876,8.860374
37.586,1.3220508,1.0023156,9.556128
37.607,1.108894,0.7424561,9.048384
37.627,1.108894,0.7424561,9.048384
37.648,1.5783179,1.1567944,9.51182
37.668,1.4082714,0.9891431,9.411229
37.688,1.4082714,0.9891431,9.411229
37.709,1.4717395,0.6885681,9.465117
37.729,1.5256275,0.5879773,9.444759
37.75,1.5759228,0.79993653,9.46392
37.77,1.9136206,0.9687854,9.485475
37.791,2.0417542,0.9951306,9.381291
37.811,1.9459534,0.48139894,9.131012
37.832,1.9459534,0.48139894,9.131012
37.852,2.2477257,0.4670288,9.036408
37.873,2.323169,0.48379394,9.085506
37.893,2.4465125,0.5664221,8.963361
37.913,2.4465125,0.5664221,8.963361
37.934,2.626139,0.2335144,8.753797
37.955,2.2261705,-0.22393432,8.686736
37.975,2.2261705,-0.22393432,8.686736
37.996,2.046544,0.23111938,9.016051
38.016,1.7639319,0.5867798,9.590856
38.036,1.7639319,0.5867798,9.590856
38.057,1.7639319,0.5867798,9.590856
38.078,1.7639319,0.5867798,9.590856
38.098,1.7639319,0.5867798,9.590856
38.119,1.3663586,0.9891431,9.648336
38.141,1.3663586,0.9891431,9.648336
38.162,1.0897338,0.74006104,10.080637
38.183,1.0897338,0.74006104,10.080637
38.204,1.0897338,0.74006104,10.080637
38.225,1.0897338,0.74006104,10.080637
38.246,1.0897338,0.74006104,10.080637
38.266,1.2094848,1.5423926,9.904603
38.287,1.0597961,1.2046949,9.53098
38.308,1.0597961,1.2046949,9.53098
38.329,1.0597961,1.2046949,9.53098
38.35,1.0597961,1.2046949,9.53098
38.371,1.8693128,0.6777905,9.304651
38.392,2.3291564,0.79035646,8.819659
38.413,2.3291564,0.79035646,8.819659
38.433,2.3291564,0.79035646,8.819659
38.454,2.3291564,0.79035646,8.819659
38.475,1.7926722,0.5005591,8.213719
38.496,1.8130298,0.93884766,8.30473
38.517,2.290836,1.5890955,9.496252
38.537,1.9375708,1.1867322,10.042316
38.558,1.9375708,1.1867322,10.042316
38.579,1.9375708,1.1867322,10.042316
38.601,1.9375708,1.1867322,10.042316
38.621,1.9974463
38.641,1.9974463,0.7855664,9.544153
38.662,1.9974463,0.7855664,9.544153
38.683,1.9974463,0.7855664,9.544153
38.703,1.4561719,1.4801221,9.307046
38.724,1.111289,1.2669654,9.753717
38.746,1.3160633,0.86579955,9.674682
38.767,1.3160633,0.86579955,9.674682
38.788,1.343606,1.3543836,8.959768
38.808,1.3376184,1.4944922,9.018446
38.829,1.1100916,1.3735437,9.181308
38.85,1.3939013,1.3316308,9.77168
38.871,1.5124549,1.2130774,9.560918
38.892,1.0394385,0.76281375,9.233997
38.913,1.8070422,1.2657678,9.305848
38.934,1.6561561,0.9304651,9.467512
38.955,1.5040723,0.76760375,9.433982
38.977,1.7663269,0.38799316,9.711804
38.998,1.6980689,0.5149292,9.517808
39.018,1.8118323,0.42751098,9.376501
39.039,1.8118323,0.42751098,9.376501
39.06,2.0441492,0.5053491,9.3309965
39.081,2.1674926,0.38919067,9.073531
39.102,2.1674926,0.38919067,9.073531
39.124,2.3974144,0.16765137,9.29028
39.147,2.494413,0.085023195,9.133407
39.169,2.494413,0.085023195,9.133407
39.19,2.3722668,-0.2203418,9.15137
39.211,2.5243506,0.029937744,9.158555
39.232,2.5243506,0.029937744,9.158555
39.253,2.283651,0.7879614,9.553733
39.275,1.83698,0.24069947,9.587263
39.296,1.83698,0.24069947,9.587263
39.317,1.773512,0.86579955,8.919053
39.338,1.7112415,0.9065149,9.11784
39.359,1.7112415,0.9065149,9.11784
39.38,2.4525,1.0633887,9.547746
39.4,2.5051904,0.7149133,9.7956295
39.421,2.6405091,0.5652246,9.9572935
39.442,2.7794201,0.22393432,9.542955
39.463,2.950664,0.36524048,9.302256
39.484,2.7518775,0.64186525,9.226812
39.505,2.7518775,0.64186525,9.226812
39.526,2.3016138,0.38320312,9.09868
39.546,2.3495142,0.5987549,9.135802
39.567,2.3495142,0.5987549,9.135802
39.588,2.3495142,0.5987549,9.135802
39.627,2.1076171,1.3064831,9.475895
39.648,1.9220031,1.0597961,9.539363
39.669,2.3830445,1.2454102,9.166937
39.69,2.3830445,1.2454102,9.166937
39.711,2.3830445,1.2454102,9.166937
39.732,2.3830445,1.2454102,9.166937
39.753,2.6201513,0.9783655,9.769284
39.774,2.9159362,0.7807764,9.86748
39.794,2.9159362,0.7807764,9.86748
39.815,3.326682,1.3076806,9.195678
39.836,3.326682,1.3076806,9.195678
39.857,2.8692334,0.75203615,9.414822
39.878,3.070415,1.0526111,9.422007
39.9,3.070415,1.0526111,9.422007
39.922,3.0081446,1.1448194,9.83874
39.942,3.145858,1.0202783,9.320218
39.963,3.004552,0.89932984,9.392069
39.991,3.004552,0.89932984,9.392069
40.011,3.004552,0.89932984,9.392069
40.032,3.4667907,1.3388159,9.166937
40.053,3.2165112,1.5867004,9.43518
40.073,3.2165112,1.5867004,9.43518
40.094,3.2165112,1.5867004,9.43518
40.115,2.8225305,1.6944764,9.29028
40.136,3.0919702,1.8788928,9.665101
40.157,3.0919702,1.8788928,9.665101
40.178,3.0919702,1.8788928,9.665101
40.198,3.0919702,1.8788928,9.665101
40.219,2.3902295,2.0070264,9.119037
40.24,2.9542565,2.2333558,9.193282
40.261,2.9542565,2.2333558,9.193282
40.282,2.3555017,1.9339783,9.747729
40.303,2.3555017,1.9339783,9.747729
40.323,1.9938538,2.1411474,8.808882
40.344,1.7986597,2.071692,8.566985
40.365,1.7986597,2.071692,8.566985
40.386,1.7986597,2.071692,8.566985
40.407,1.7986597,2.071692,8.566985
40.427,1.3855188,2.858456,9.976454
40.448,1.0789562,2.7890003,9.922565
40.469,1.0621911,3.026107,8.5011215
40.489,1.0621911,3.026107,8.5011215
40.512,1.0621911,3.026107,8.5011215
40.533,1.0621911,3.026107,8.5011215
40.554,,,
40.574,0.97597045,3.2763867,9.051976
40.595,0.97597045,3.2763867,9.051976
40.616,0.3915857,2.8620484,9.087902
40.637,0.30057496,2.9734168,8.871152
40.658,0.18082398,3.126698,9.002878
40.679,0.3221301
40.699,-0.0071850587,3.8296363,9.501042
40.72,0.24069947,3.7901185,9.217233
40.741,0.05508545,3.7482057,9.42081
40.762,0.05508545,3.7482057,9.42081
40.783,0.37721556,3.906277,9.047186
40.804,0.59276736,3.8236487,8.808882
40.825,0.74365354,3.3997302,8.854387
40.846,0.70174074,2.8836036,9.298663
40.866,1.4058765,3.1985486,9.0076685
40.887,1.4058765,3.1985486,9.0076685
40.908,1.9998413,3.2009437,9.249565
40.929,2.086062,3.214116,9.174122
40.949,2.086062,3.214116,9.174122
40.97,1.6405884,2.015409,8.529862
40.992,1.4274316,2.1794677,8.711884
41.012,1.2861255,2.2824535,8.719069
41.033,0.81670165,2.8333082,8.097561
41.053,1.1340418,3.6943176,7.8664417
41.074,0.8861572,3.8296363,8.216114
41.094,0.49576905,4.188889,8.9585705
41.115,0.3820056,4.184099,9.1130495
41.135,-0.24309449,3.9038818,9.390872
41.155,-0.24309449,3.9038818,9.390872
41.176,-0.5161267,3.8260436,9.249565
41.196,-0.081430666,3.9685473,9.048384
41.217,-0.081430666,3.9685473,9.048384
41.237,0.18681152,3.8954992,8.59812
41.258,0.47660887,3.918252,8.981323
41.278,0.47660887,3.918252,8.981323
41.299,0.7592212,3.3123121,8.594527
41.319,1.1076965,3.5182836,8.28078
41.339,0.70293826,2.9422815,8.503517
41.36,0.83346677,2.8045678,8.29515
41.38,0.83346677,2.8045678,8.29515
41.401,0.83346677,2.8045678,8.29515
41.421,-0.42511597,3.8428087,8.975336
41.442,-0.42511597,3.8428087,8.975336
41.462,-0.42511597,3.8428087,8.975336
41.483,-1.3124707,4.205654,8.903485
41.504,-1.3998889,4.184099,8.964558
41.524,-1.3998889,4.184099,8.964558
41.544,-1.3998889,4.184099,8.964558
41.565,-1.3998889,4.184099,8.964558
41.585,-1.0310559,3.8164637,8.826844
41.606,-1.0310559,3.8164637,8.826844
41.626,-1.0059083,3.3913476,9.011261
41.647,-1.0059083,3.3913476,9.011261
41.667,-1.0059083,3.3913476,9.011261
41.688,-1.0059083,3.3913476,9.011261
41.709,-1.3352234,3.046465,8.88193
41.73,-1.2130774,3.4524207,8.728649
41.751,-1.2130774,3.4524207,8.728649
41.771,-1.2130774,3.4524207,8.728649
41.792,-1.2130774,3.4524207,8.728649
41.813,-2.2309606,4.0823107,8.883127
41.834,-2.4417224,4.277505,8.947793
41.855,-2.4417224,4.277505,8.947793
41.875,-2.4417224,4.277505,8.947793
41.896,-2.4417224,4.277505,8.947793
41.917,-1.6274158,3.7314405,8.503517
41.938,-1.3316308,3.8775365,8.948991
41.958,-1.3316308,3.8775365,8.948991
41.979,-0.8969348,3.7146752,8.980125
42.0,-0.6514453,3.8487964,8.54064
42.02,-0.8298743,3.7889209,8.623268
42.042,-0.35326537,3.38536,7.813751
42.064,-0.32692015,3.8883142,7.6940002
42.085,-0.37841308,3.2380664,8.623268
42.106,-0.37841308,3.2380664,8.623268
42.127,-0.37841308,3.2380664,8.623268
42.148,-1.2561878,3.3745825,9.491463
42.171,-0.97477293,3.6476147,9.237591
42.192,-0.97477293,3.6476147,9.237591
42.213,-1.5507752,3.5230737,9.005274
42.234,-0.9568103,3.925437,8.880733
42.255,-1.0274634,3.6356397,9.311836
42.276,-0.88974977,3.6679723,9.129814
42.297,-0.88974977,3.6679723,9.129814
42.318,-0.57001466,3.4488282,8.608898
42.341,-0.57001466,3.4488282,8.608898
42.361,-0.671803,3.1135254,9.606423
42.382,-0.31734008,3.5075061,9.713001
42.403,-1.1460168,2.8728259,9.715397
42.424,-1.1460168,2.8728259,9.715397
42.445,-1.5124549,3.5745666,9.017248
42.466,-1.5124549,3.5745666,9.017248
42.486,-1.6262183,3.9362147,8.889115
42.507,-1.1196716,4.277505,8.722661
42.528,-1.1196716,4.277505,8.722661
42.549,-1.1196716,4.277505,8.722661
42.57,-1.1196716,4.277505,8.722661
42.591,-1.1196716,4.277505,8.722661
42.612,-0.37242553,3.612887,8.546627
42.633,-0.37242553,3.612887,8.546627
42.653,-0.5161267,2.7722352,9.193282
42.674,-0.5161267,2.7722352,9.193282
42.695,-0.5161267,2.7722352,9.193282
42.716,0.09939331,2.501598,8.971744
42.737,0.41074586,2.877616,8.632848
42.757,0.41074586,2.877616,8.632848
42.778,0.61911255,2.8249254,8.737031
42.8,0.44667113,2.6680517,8.49274
42.821,0.44667113,2.6680517,8.49274
42.842,1.0250684,3.0344896,8.5645895
42.863,0.859812,2.6417065,8.940608
42.884,0.859812,2.6417065,8.940608
42.904,1.5603552,2.8907886,9.020841
42.925,1.3100756,2.513573,9.147778
42.946,1.4166541,2.3135889,9.144184
42.967,1.6118481,2.1411474,8.357421
42.988,1.5543677,1.9890637,8.455616
43.009,1.8717078,2.090852,8.493937
43.031,1.9315833,2.2141955,8.624465
43.052,1.5184424,1.8010547,9.096284
43.073,1.8010547,1.8321899,8.962163
43.094,1.8010547,1.8321899,8.962163
43.117,1.3519886,2.0824695,9.205257
43.138,1.2957056,1.9184107,9.210048
43.159,1.2957056,1.9184107,9.210048
43.18,1.4382092,2.5806336,9.346563
43.201,1.0370435,2.318379,9.364527
43.222,1.0370435,2.318379,9.364527
43.243,1.0562036,2.203418,9.411229
43.264,1.475332,2.0968397,9.236393
43.285,1.475332,2.0968397,9.236393
43.305,1.8034497,2.5518932,9.636361
43.326,1.5076648,2.330354,9.922565
43.35,1.5076648,2.330354,9.922565
43.371,1.7818946,2.5542884,8.531059
43.392,1.4645544
43.412,1.4645544,2.46208,8.98731
43.433,1.9986438,2.5614734,8.708291
43.454,1.8285974,2.4261549,8.994495
43.475,1.8621277,2.3698719,9.237591
43.496,1.3651612,1.9507434,8.523874
43.516,1.6645386,2.4584875,8.278385
43.537,1.7483642,2.76505,8.393346
43.558,1.7483642,2.76505,8.393346
43.581,1.5795153,2.5267456,8.87235
43.602,2.0058289,2.567461,8.697514
43.623,2.0058289,2.567461,8.697514
43.644,2.1459374,2.3555017,8.05924
43.664,2.3327491,2.3878345,7.975415
43.685,2.3327491,2.3878345,7.975415
43.706,2.3674767,1.905238,8.258027
43.727,2.450105,1.9172131,8.594527
43.748,2.450105,1.9172131,8.594527
43.769,2.410587,1.7615368,8.083191
43.79,2.3614893,2.0704944,7.876022
43.81,2.3614893,2.0704944,7.876022
43.831,2.3614893,2.0704944,7.876022
43.851,2.3614893,2.0704944,7.876022
43.872,2.6848168,2.034569,8.546627
43.892,2.5782385,1.651366,8.6208725
43.913,2.5782385,1.651366,8.6208725
43.933,2.5782385,1.651366,8.6208725
43.954,2.5782385,1.651366,8.6208725
43.974,2.1459374,1.8848804,9.344169
43.995,1.895658,1.6477734,9.314231
44.015,1.895658,1.6477734,9.314231
44.036,1.895658,1.6477734,9.314231
44.056,1.4370117,2.2118006,9.22801
44.077,1.3543836,2.2441332,9.400452
44.098,1.3543836,2.2441332,9.400452
44.118,1.5591577,2.1064196,9.309441
44.139,1.5591577,2.1064196,9.309441
44.159,1.5591577,2.1064196,9.309441
44.181,1.5591577,2.1064196,9.309441
44.202,0.77957886,2.123185,8.781339
44.223,1.0897338,2.7866051,9.061557
44.244,1.0897338,2.7866051,9.061557
44.265,1.0897338,2.7866051,9.061557
44.286,1.0897338,2.7866051,9.061557
44.307,-0.03592529,2.078877,9.59325
44.327,0.33410522,1.9495459,9.370514
44.348,0.5987549,2.577041,9.231603
44.368,0.13052857,2.3052063,9.491463
44.389,0.13052857,2.3052063,9.491463
44.409,0.13052857,2.3052063,9.491463
44.43,-0.0011975098,1.775907,9.472302
44.45,0.65264285,2.1734803,8.774154
44.472,0.21076173,2.1674926,9.377699
44.492,0.12573853,1.9016455,9.346563
44.513,0.12573853,1.9016455,9.346563
44.534
44.555,0.4921765,1.8681152,9.090297
44.575,0.4921765,1.8681152,9.090297
44.596,0.017962646,1.8729053,9.626781
44.617,0.122145995,1.8333875,9.522597
44.637,0.122145995,1.8333875,9.522597
44.658,-0.18800904,2.1674926,9.444759
44.679,-0.22632934,2.1902454,9.346563
44.699,-0.22632934,2.1902454,9.346563
44.72,-0.3676355,2.6405091,9.090297
44.741,-0.16765137,2.6345215,9.083112
44.762,-0.09699829,2.6213489,9.050778
44.783,-0.09699829,2.6213489,9.050778
44.803,-0.09699829,2.6213489,9.050778
44.824,-0.09699829,2.6213489,9.050778
44.845,0.026345216,1.8776953,9.327404
44.866,0.026345216,1.8776953,9.327404
44.887,-0.26105714,1.595083,8.964558
44.908,-0.26105714,1.595083,8.964558
44.929,-0.26105714,1.595083,8.964558
44.951,-0.26105714,1.595083,8.964558
44.972,-0.49576905,2.623744,9.366921
44.993,-0.43828857,2.6620643,9.159752
45.014,-0.43828857,2.6620643,9.159752
45.066,-0.46223876,2.7614574,8.681946
45.087,-0.1844165,2.8404932,8.996891
45.107,-0.1844165,2.8404932,8.996891
45.128,-0.6622229,2.1327648,9.091495
45.149,-0.5412744,2.396217,8.55022
45.17,-0.5412744,2.396217,8.55022
45.191,-0.554447,2.7255323,8.543035
45.212,-0.6251001,2.8536658,8.996891
45.233,-0.6251001,2.8536658,8.996891
45.254,-0.671803,2.6560767,9.536968
45.274,-0.6119275,2.5578809,9.148974
45.295,-0.66821045,2.5554857,8.813672
45.316,-0.2562671,2.6644592,8.58854
45.338,-0.64545774,2.5878186,9.026829
45.359,-0.30895752,2.3734643,9.134604
45.381,-0.25147706,2.6057813,9.374106
45.402,-0.86100954,2.330354,10.457852
45.423,-0.6490503,2.0070264,9.775272
45.444,-0.6490503,2.0070264,9.775272
45.464,-0.6011499,2.7327173,9.551338
45.485,-0.6011499,2.7327173,9.551338
45.506,-0.50894165,2.875221,9.529782
45.539,-0.50894165,2.875221,9.529782
45.56,-0.50894165,2.875221,9.529782
45.581,-0.50894165,2.875221,9.529782
45.602,-0.33410522,2.6285338,8.777746
45.622,-0.47660887,2.6345215,8.859178
45.643,-0.47660887,2.6345215,8.859178
45.664,-0.33889526,2.3710694,8.325088
45.685,0.040715333,2.9841943,8.980125
45.706,0.3185376,2.6908045,9.558523
45.726,0.3185376,2.6908045,9.558523
45.747,0.0059875487,1.9794836,8.867559
45.768,-0.008382568,1.8824854,8.866363
45.789,0.040715333,1.9184107,8.468789
45.81,0.45864624,2.1950355,8.131091
45.831,0.13172607,2.1555176,8.899893
45.852,0.4287085,2.032174,9.019644
45.873,0.4287085,2.032174,9.019644
45.894,0.17363891,2.086062,9.0148535
45.915,0.104183346,2.078877,8.790919
45.935,0.104183346,2.078877,8.790919
45.956,0.12693603,1.8992505,9.292676
45.977,0.4047583,1.4166541,9.756112
45.998,0.4047583,1.4166541,9.756112
46.019,0.54726195,1.5986755,9.327404
46.04,0.7975415,1.7399817,9.3309965
46.064,0.7975415,1.7399817,9.3309965
46.084,0.6502478,1.3998889,8.763376
46.105,0.6394702,1.5232325,9.043593
46.126,0.6394702,1.5232325,9.043593
46.147,0.8202942,1.5914905,9.451944
46.168,0.7747888,1.2945081,9.533375
46.188,0.4155359,1.0945239,9.845925
46.213,0.33410522,1.4429992,9.686657
46.233,0.549657,1.7495618,9.177715
46.254,0.5125342,1.9184107,8.9442005
46.274,0.2814148,1.8034497,9.523795
46.295,0.43349853,1.5843054,9.438772
46.315,0.23830444,1.2717553,9.52619
46.336,0.23830444,1.2717553,9.52619
46.356,-0.05029541,1.1184741,9.589658
46.377,0.29219237,1.5232325,8.976533
46.397,0.29219237,1.5232325,8.976533
46.418,0.30177248,1.775907,9.013656
46.438,0.021555176,1.2729529,9.042397
46.458,0.021555176,1.2729529,9.042397
46.479,0.34967285,1.472937,9.303453
46.499,0.30296996,1.5735278,9.364527
46.52,0.24788453,1.1256592,9.0148535
46.54,0.8238867,1.5639478,8.337063
46.561,0.59755737,0.9915381,8.370593
46.581,0.2706372,0.6981482,8.296348
46.602,0.2706372,0.6981482,8.296348
46.622,0.35206786,0.40954834,9.055569
46.642,0.96160036,1.0693762,8.898695
46.663,0.96160036,1.0693762,8.898695
46.683,0.9340576,1.4489868,8.320298
46.704,0.54606444,1.1987072,8.338261
46.724,0.54606444,1.1987072,8.338261
46.745,0.64066774,0.671803,8.387359
46.765,0.46343628,0.69096315,8.489147
46.786,0.2706372,0.82747924,8.662786
46.806,0.55923706,0.72928345,8.889115
46.827,0.40835083,0.671803,8.994495
46.847,0.27901977,0.72808594,9.093889
46.867,0.27901977,0.72808594,9.093889
46.888,0.14609618,1.275348,8.971744
46.908,-0.28979737,1.0562036,9.116642
46.929,-0.28979737,1.0562036,9.116642
46.949,-0.39996827,0.87298465,9.80521
46.97,-0.20836669,0.9580078,9.316626
46.99,-0.20836669,0.9580078,9.316626
47.011,0.2838098,0.90052736,8.701106
47.031,-0.49936157,0.5269043,9.177715
47.052,-0.49936157,0.5269043,9.177715
47.072,-0.05508545,0.30057496,9.681867
47.093,-0.49337402,0.34727782,10.005194
47.113,-0.7041357,0.14609618,9.85311
47.133,-0.39637575,0.791554,8.93462
47.154,-0.48858398,0.6706055,9.0639515
47.174,-0.31494507,0.674198,9.114246
47.195,-0.31494507,0.674198,9.114246
47.215,-0.6873706,-0.15567628,9.890233
47.236,-0.17244141,0.23590942,9.632769
47.256,-0.17244141,0.23590942,9.632769
47.277,-0.068258055,0.42511597,9.533375
47.297,-0.6514453,0.14010864,9.154963
47.317,-0.6514453,0.14010864,9.154963
47.338,-0.29099488,0.36524048,8.805289
47.358,-0.28620484,0.34488282,8.917855
47.379,-0.53528684,0.15208374,8.97294
47.399,-0.6119275,-0.0071850587,9.442365
47.42,-0.76161623,-0.014370117,9.9010105
47.44,-0.20597167,0.2586621,9.960886
47.461,-0.20597167,0.2586621,9.960886
47.481,-0.74365354,0.0059875487,9.727372
47.501,-0.8837622,0.24788453,9.46392
47.522,-0.8837622,0.24788453,9.46392
47.542,-0.35326537,0.14609618,9.310638
47.563,-0.4778064,-0.34009278,9.563313
47.583,-0.4778064,-0.34009278,9.563313
47.604,-0.37482056,-0.2706372,9.357342
47.624,-0.49936157,-0.26345214,9.314231
47.645,-0.70533323,-0.4179309,9.340576
47.665,-0.7807764,0.17603393,9.451944
47.685,-0.47301635,0.015567627,9.444759
47.706,-0.97237796,-0.44427612,9.770482
47.726,-0.97237796,-0.44427612,9.770482
47.747,-0.68976563,-0.17842895,9.443562
47.767,-0.4514612,0.20836669,9.280701
47.788,-0.4514612,0.20836669,9.280701
47.808,-0.6286926,-0.34608033,9.168135
47.829,-0.6622229,-0.19399658,8.962163
47.849,-0.6622229,-0.19399658,8.962163
47.87,-0.9364526,-0.70174074,9.648336
47.89,-0.79394895,-0.5029541,9.793235
47.91,-0.5556445,-0.20597167,9.877061
47.931,-1.0178833,-0.49337402,9.8519125
47.951,-0.51013917,-0.68018556,9.347761
47.972,-0.7735913,-0.4394861,9.380094
47.992,-0.7735913,-0.4394861,9.380094
48.013,-0.7735913,-0.4394861,9.380094
48.033,-0.7735913,-0.4394861,9.380094
48.054,-0.8981323,-1.0885364,9.625584
48.074,-0.6322852,-0.68497556,10.008786
48.095,-0.6322852,-0.68497556,10.008786
48.116,-0.6322852,-0.68497556,10.008786
48.137,-0.676593,-0.3161426,10.168056
48.158,-0.8466394,-0.6430628,10.306967
48.179,-0.8466394,-0.6430628,10.306967
48.199,-0.29937744,-0.9508228,10.044712
48.22,-0.46223876,-1.1639795,9.86748
48.241,-0.72808594,-1.3651612,10.281818
48.262,-0.46343628,-1.0981164,9.86748
48.283,-0.55803955,-1.5663428,10.134525
48.304,-0.96160036,-1.0945239,9.914184
48.325,-0.5831873,-0.6933582,9.7956295
48.346,-0.796344,-0.6274951,10.229129
48.367,-0.6490503,-0.61791503,10.324929
48.388,-0.6490503,-0.61791503,10.324929
48.409,-0.6143225,-0.48738647,9.895023
48.429,-0.72928345,-1.0945239,9.879456
48.45,-0.72928345,-1.0945239,9.879456
48.472,-0.920885,-1.165177,9.342971
48.496,-0.77718383,-1.0693762,9.978848
48.516,-0.77718383,-1.0693762,9.978848
48.537,-0.9508228,-1.6789087,9.944121
48.558,-0.4155359,-1.4693445,9.774075
48.579,-0.4155359,-1.4693445,9.774075
48.6,-0.61791503,-1.3388159,9.86269
48.62,-0.8202942,-1.834585,10.226733
48.641,-1.4513818,-2.1195922,10.3440895
48.662,-1.2729529,-1.717229,9.625584
48.683,-1.2681628,-1.5807129,9.299861
48.704,-1.3052857,-1.5052698,9.280701
48.725,-1.162782,-1.6178356,10.081835
48.747,-1.3867164,-1.893263,9.944121
48.767,-0.8071216,-1.6896863,9.796827
48.788,-0.72808594,-2.0872595,9.865086
48.809,-0.5376819,-2.2094054,9.746532
48.83,-0.25387207,-2.3926246,9.389674
48.851,-0.25387207,-2.3926246,9.389674
48.872,-0.70293826,-2.5207582,9.461525
48.893,-1.0645862,-2.5542884,9.2747135
48.914,-1.0645862,-2.5542884,9.2747135
48.935,-1.5639478,-1.5076648,10.199191
48.955,-1.477727,-1.2837305,10.06028
48.976,-1.477727,-1.2837305,10.06028
48.997,-1.6657361,-1.8082397,10.054292
49.018,-1.5495776,-1.5004797,9.588461
49.039,-1.5495776,-1.5004797,9.588461
49.06,-1.5495776,-1.5004797,9.588461
49.081,-1.5495776,-1.5004797,9.588461
49.101,-1.5495776,-1.5004797,9.588461
49.122,-1.2370276,-2.1674926,9.610016
49.143,-1.0849439,-1.9794836,9.565708
49.163,-1.0657837,-1.4022839,9.734557
49.184,-1.0657837,-1.4022839,9.734557
49.205,-1.0657837,-1.4022839,9.734557
49.226,-1.1352392,-1.9806812,9.890233
49.247,-1.348396,-1.7842896,9.734557
49.267,-1.289718,-1.6214283,9.695039
49.288,-1.289718,-1.6214283,9.695039
49.309,-1.289718,-1.6214283,9.695039
49.329,-1.2657678,-1.3687537,9.395661
49.35,-0.979563,-1.3112732,9.692644
49.371,-1.5376025,-1.7064514,10.051897
49.391,-1.5376025,-1.7064514,10.051897
49.412,-1.2525952,-1.6142431,9.911788
49.433,-1.113684,-1.5352075,10.323731
49.454,-1.113684,-1.5352075,10.323731
49.474,-1.113684,-1.5352075,10.323731
49.495,-0.9627979,-1.8753003,9.538165
49.517,-1.113684,-1.9375708,9.514215
49.538,-1.113684,-1.9375708,9.514215
49.559,-1.1603869,-1.7794995,10.275831
49.58,-1.2933105,-1.2106824,10.105785
49.601,-1.0981164,-1.1232642,9.581276
49.621,-0.87178713,-0.28859985,9.333391
49.642,-1.104104,-0.77957886,9.647139
49.663,-1.4693445,-1.1915222,9.9010105
49.684,-1.1567944,-1.3388159,9.891431
49.705,-1.1819421,-1.2741504,10.083033
49.726,-0.6646179,-1.0083032,9.696237
49.747,-0.7268884
49.767,-0.9340576,-1.9315833,9.623188
49.788,-0.9831555,-1.9232007,9.748927
49.809,-0.9831555,-1.9232007,9.748927
49.831,-0.3927832,-0.9340576,9.9081955
49.852,-0.8083191,-1.2633728,10.350077
49.873,-0.8083191,-1.2633728,10.350077
49.893,-1.2226574,-1.4681469,9.939331
49.914,-0.6610254,-0.79993653,9.727372
49.935,-0.6610254,-0.79993653,9.727372
49.956,-0.8969348,-0.796344,9.933344
49.977,-1.2813355,-1.7112415,9.647139
49.997,-1.2813355,-1.7112415,9.647139
50.018,-0.73407346,-0.8753796,9.52619
50.039,-0.8454419,-0.86100954,9.505833
50.06,-0.5891748,-0.857417,9.760902
50.081,-1.0801538,-1.5280224,10.056687
50.102,-1.0502161,-1.4932947,9.825567
50.122,-1.0071057,-1.2046949,9.721384
50.143,-1.0071057,-1.2046949,9.721384
50.164,-1.0166858,-1.1472144,9.899814
50.185,-0.9963281,-1.1915222,9.77647
50.206,-0.9963281,-1.1915222,9.77647
50.227,-0.97237796,-1.0849439,9.604029
50.248,-1.1388317,-1.3028907,9.978848
50.268,-1.1388317,-1.3028907,9.978848
50.289,-1.1053015,-1.719624,9.963282
50.31,-1.1220666,-1.4956897,9.813593
50.331,-1.2561878,-1.6836988,9.673484
50.351,-1.2561878,-1.6836988,9.673484
50.372,-0.9939331,-1.348396,9.947714
50.393,-0.9939331,-1.348396,9.947714
50.413,-1.1532019,-1.5615528,9.793235
50.434,-1.0777588,-1.4669495,9.632769
50.455,-1.099314,-1.7974621,10.166858
50.476,-1.099314,-1.7974621,10.166858
50.497,-1.1532019,-1.6561561,9.868678
50.517,-1.1400293,-1.7304016,9.811197
50.538,-1.1831397,-1.3280383,9.27591
50.559,-1.2573853,-1.5364051,9.49266
50.58,-1.155597,-0.90411985,9.485475
50.601,-1.1639795,-1.4022839,9.9081955
50.622,-1.0705737,-1.096919,9.914184
50.642,-1.0705737,-1.096919,9.914184
50.663,-1.1819421,-1.5399976,10.071057
50.684,-1.035846,-1.1496093,9.630374
50.705,-1.1124866,-1.1412268,9.541758
50.726,-1.1124866,-1.1412268,9.541758
50.746,-1.1124866,-1.1412268,9.541758
50.767,-1.0310559,-0.9663904,9.474697
50.787,-1.113684,-1.3136683,9.630374
50.808,-0.9029224,-0.97237796,9.656719
50.828,-0.81670165,-1.233435,9.714199
50.849,-0.7496411,-1.1735595,10.015972
50.869,-0.68497556,-0.9627979,9.798025
50.889,-0.68497556,-0.9627979,9.798025
50.91,-1.2202624,-0.5508545,9.708212
50.93,-1.2549902,-0.7496411,9.905801
50.951,-1.1076965,-0.5113367,9.617201
50.971,-1.1076965,-0.5113367,9.617201
50.992,-0.7149133,0.11615845,9.286688
51.012,-0.66940796,-0.14010864,9.514215
51.033,-0.66940796,-0.14010864,9.514215
51.053,-0.8969348,-1.2011023,10.435101
51.074,-0.70174074,-0.94962525,10.667417
51.094,-0.70174074,-0.94962525,10.667417
51.115,-0.30416748,-0.37721556,8.747808
